feature,horizon,ic_mean,ic_sd,hit,dates,t_raw,t_adj,timeframe
total_points,2w,0.11797801173801072,0.08607532499248786,92.85714285714286,14,5.128453469504253,1.6217593837826314,
total_points,1m,0.11254885818528475,0.04508801804141991,100.0,5,5.581680202955199,1.2180224778608892,
trend_structure_points,2w,0.14296771175705753,0.06491905523880707,100.0,14,8.240048977887616,2.6057322801467295,
trend_structure_points,1m,0.1264825943839851,0.026540557091321203,100.0,5,10.656282686153846,2.325391525530826,
rsi_points,2w,-0.0656096681918675,0.08622473665791128,28.57142857142857,14,-2.847082045699287,-0.9003263949781344,
rsi_points,1m,0.000553404388984359,0.0488271351266624,40.0,5,0.025343486354579187,0.005530402123520932,
macd_points,2w,0.11298718035595334,0.12313417709761681,85.71428571428571,14,3.4333223151721914,1.08571184574266,
macd_points,1m,0.035168679537637866,0.061249292216129445,60.0,5,1.2839259896680917,0.2801756206845295,
volume_points,2w,0.023527056527341966,0.06881298252978649,42.857142857142854,14,1.2792671035072818,0.4045397782809387,
volume_points,1m,0.018355121243414603,0.07608249592336049,60.0,5,0.539457838986635,0.11771935149493118,
streak_points,2w,0.011926263463267927,0.05539510954001849,50.0,14,0.8055583273413581,0.25473991025141834,
streak_points,1m,-0.07329177792124543,0.028057842781711854,0.0,5,-5.840983531725531,-1.274607103196321,
alignment_points,2w,0.05147929323979205,0.06157095857946085,78.57142857142857,14,3.1283884847754213,0.989283301773332,
alignment_points,1m,0.03266145171863573,0.06027399487808354,60.0,5,1.2116871701373275,0.2644118178933876,
sector_industry_points,2w,-0.05637173063300084,0.11127566844894907,35.714285714285715,14,-1.8955060460945765,-0.5994116424278974,
sector_industry_points,1m,0.07930868512773712,0.020663063153375308,100.0,5,8.582445392312437,1.872843126576034,
valuation_points,2w,-0.13090990558915244,0.1257399309827233,11.11111111111111,9,-3.123349231211353,-0.9876897498763743,
vol_cur_5v50,2w,0.008580435099108628,0.08611812071157557,54.96021220159151,1885,4.325839919159327,1.3679506937822126,1d
vol_cur_5v50,1m,0.008193827946776696,0.08453645429429671,53.89541088580576,1874,4.195923923879334,0.9156256662596751,1d
vol_30v50,2w,-0.0013737111845892776,0.08198570443839485,48.80636604774536,1885,-0.7274664667980008,-0.23004509564769396,1d
vol_30v50,1m,-0.0032811563622710113,0.07807530973783804,48.07897545357524,1874,-1.819273545881886,-0.3969980349444981,1d
vol_10v30,2w,0.00868368092713872,0.0854203879724995,53.96325459317586,1905,4.437003872471843,1.4031038223998298,1d
vol_10v30,1m,0.007584270071960038,0.0806013855171525,53.431890179514255,1894,4.095069432283839,0.8936174118828824,1d
vol_3v10,2w,0.00036811734959736787,0.0809312321133436,48.98701298701298,1925,0.19956551684362,0.0631081575654536,1d
vol_3v10,1m,0.0024930218716600785,0.08393595302468594,50.41797283176594,1914,1.2994184519309138,0.2835563531140833,1d
vol_rungs_up,2w,0.0045147498194184985,0.07463021641643768,52.883116883116884,1925,2.654204341464066,0.839333109453374,1d
vol_rungs_up,1m,0.005288513407897742,0.0744836583356733,53.08254963427377,1914,3.1063012911155545,0.6778505141845755,1d
vol_cascade,2w,0.003713402364735644,0.07046083336214812,52.467532467532465,1925,2.312275625462426,0.7312057554551695,1d
vol_cascade,1m,0.003661995288457289,0.06977870977492312,51.515151515151516,1914,2.2959679056047646,0.5010212724106219,1d
vol_cur_5v50_signed,2w,-0.002675022185833254,0.12630015978041692,49.44297082228117,1885,-0.919558081610242,-0.29078979787033593,1d
vol_cur_5v50_signed,1m,-0.003399736739178007,0.11985432223347603,49.67982924226254,1874,-1.2279378361892783,-0.26795800395417396,1d
vol_30v50_signed,2w,-0.004215140723729954,0.12317996210358317,49.07161803713528,1885,-1.4856882525884194,-0.4698158771134955,1d
vol_30v50_signed,1m,-0.002477840082123025,0.11622100445011616,50.58697972251868,1874,-0.9229399448105984,-0.20140200757109203,1d
vol_10v30_signed,2w,0.001144698191053958,0.12393773684873131,50.39370078740157,1905,0.40312053806067893,0.12747790718643418,1d
vol_10v30_signed,1m,-0.0009686997118514456,0.11706588484875723,51.26715945089757,1894,-0.36012129713097246,-0.07858490968896975,1d
vol_3v10_signed,2w,-0.004032151919237838,0.12682136319528123,49.66233766233766,1925,-1.3949538391802794,-0.44112313626059113,1d
vol_3v10_signed,1m,-0.004681839384568627,0.12103447399135961,48.380355276907,1914,-1.6923040363790138,-0.3692910164564825,1d
vol_rungs_up_signed,2w,-0.003777056379835483,0.1225283008976615,48.935064935064936,1925,-1.3524848944861656,-0.4276932767548789,1d
vol_rungs_up_signed,1m,-0.004118845063709992,0.1164783368660141,49.63427377220481,1914,-1.5470389973750072,-0.337591586119979,1d
vol_cur_5v50,2w,0.0011165234867814146,0.0901579487393221,50.70821529745042,353,0.2326757881641426,0.16452662762878986,1wk
vol_cur_5v50,1m,-0.0023579669864423496,0.08947591395476666,48.148148148148145,351,-0.4937250191621262,-0.2468625095810631,1wk
vol_30v50,2w,-0.0018883470677256728,0.09286003584424811,49.858356940509914,353,-0.3820676999589401,-0.2701626615133137,1wk
vol_30v50,1m,-0.0011031802598128809,0.09308408961886785,47.863247863247864,351,-0.22203660827363178,-0.11101830413681589,1wk
vol_10v30,2w,-0.002482039622135225,0.08368940627239002,44.50402144772118,373,-0.5727863228184389,-0.405021093035825,1wk
vol_10v30,1m,-0.005928814092446155,0.08445245205692302,45.82210242587601,371,-1.3522049568912604,-0.6761024784456302,1wk
vol_3v10,2w,0.00497168166197441,0.08510892791110954,53.18066157760815,393,1.1580424198577106,0.8188596479830661,1wk
vol_3v10,1m,0.0033213584424715563,0.08082949127453382,49.61636828644501,391,0.8125204130806729,0.40626020654033645,1wk
vol_rungs_up,2w,0.0037493770076339286,0.08062226577186628,53.43511450381679,393,0.9219351807087851,0.651906618093627,1wk
vol_rungs_up,1m,-2.802487487521039e-05,0.07873590481744311,47.82608695652174,391,-0.007038161665032439,-0.0035190808325162195,1wk
vol_cascade,2w,0.0017360530631383355,0.0755170542468625,54.961832061068705,393,0.4557369377730643,0.3222546791365254,1wk
vol_cascade,1m,-0.0012221342623192051,0.07544966582290433,46.80306905370844,391,-0.3202948662581872,-0.1601474331290936,1wk
vol_cur_5v50_signed,2w,-0.0071597599092349294,0.1188907776087452,49.29178470254957,353,-1.1314559336101955,-0.8000601632695252,1wk
vol_cur_5v50_signed,1m,-0.004366380928735196,0.11797986568601054,50.142450142450144,351,-0.6933735684892259,-0.34668678424461297,1wk
vol_30v50_signed,2w,-0.0031378876375003735,0.1219048378716396,50.70821529745042,353,-0.4836194954790386,-0.34197062476724505,1wk
vol_30v50_signed,1m,-0.003040170137859793,0.11995781419722526,52.42165242165242,351,-0.47481333048908164,-0.23740666524454082,1wk
vol_10v30_signed,2w,-0.008194498687296065,0.11834947361312576,49.865951742627345,373,-1.3372434374408229,-0.9455739027116146,1wk
vol_10v30_signed,1m,-0.005970620255095058,0.11900361366729734,46.63072776280324,371,-0.9663762663156736,-0.4831881331578368,1wk
vol_3v10_signed,2w,-0.0037232395100018816,0.1178161874991878,50.63613231552163,393,-0.6264873191729455,-0.44299343171457073,1wk
vol_3v10_signed,1m,-0.005388859633239298,0.11806356857966162,46.547314578005114,391,-0.9025459964439543,-0.45127299822197714,1wk
vol_rungs_up_signed,2w,-0.006439082272301763,0.11448158967337965,48.346055979643765,393,-1.1150249824074012,-0.7884417262526842,1wk
vol_rungs_up_signed,1m,-0.006595200494134084,0.11574266394015839,48.08184143222506,391,-1.1267379118066374,-0.5633689559033187,1wk
