variant,points,ic_2w,hit_2w,ic_1m,hit_1m,delta_2w,dates_2w,dates_1m
full grade (baseline),100,0.11800199265845232,92.85714285714286,0.11227128555567392,100.0,0.0,14,5
drop valuation,90,0.1427449167944744,92.85714285714286,0.11226729025394314,100.0,0.024742924136022082,14,5
drop rsi,85,0.12594182868670487,85.71428571428571,0.0972609036502621,100.0,0.007939836028252545,14,5
drop streak,90,0.12187745069489846,85.71428571428571,0.14131400861814075,100.0,0.003875458036446136,14,5
drop sector_industry,95,0.12700151027217246,100.0,0.09698548099387932,100.0,0.008999517613720143,14,5
drop volume,85,0.12000856279895376,92.85714285714286,0.11382057883810352,100.0,0.002006570140501443,14,5
drop valuation+rsi,75,0.14609317098731808,92.85714285714286,0.0972609036502621,100.0,0.028091178328865762,14,5
drop valuation+rsi+streak,65,0.1539720739644938,92.85714285714286,0.1300479994100448,100.0,0.035970081306041485,14,5
PRICE-ONLY (drop sec_ind+val),85,0.15059950257125704,92.85714285714286,0.09698478848612574,100.0,0.03259750991280472,14,5
"price-only, drop rsi too",70,0.14931850929093032,92.85714285714286,0.07890493323564983,100.0,0.031316516632478,14,5
trend+macd+alignment only,45,0.17000494045037298,92.85714285714286,0.11831623459020077,100.0,0.05200294779192066,14,5
