scope,feature,horizon,ic,sd,hit,n,t,t_adj,delta
full,trend_structure,2w,0.01404129358137143,0.18230831027611497,54.29394812680115,1735.0,3.2081184402724126,1.0144961274847675,
full,trend_structure,1m,0.014861240756193075,0.16994920150728682,57.13457076566125,1724.0,3.6308187727052594,0.7923096124089769,
full,rsi,2w,0.0038393997840268763,0.12285812090191918,49.24987066735645,1933.0,1.3739641293862401,0.4344856072230804,
full,rsi,1m,0.001901657980035814,0.11762441002552322,50.0,1922.0,0.7087803091137417,0.15466854369561525,
full,macd,2w,-0.004049891467117601,0.1429402802443562,48.83600620796689,1933.0,-1.2456748107653637,-0.3939169625917783,
full,macd,1m,-0.004089055045858257,0.13196059106515956,48.543184183142564,1922.0,-1.3584867175148605,-0.29644610540971145,
full,volume,2w,-0.003969904074694652,0.08792766921452495,47.851458885941646,1885.0,-1.9602439818814814,-0.6198835752383318,
full,volume,1m,-0.00561454911425444,0.08577629406874966,48.559231590181426,1874.0,-2.8335599124492634,-0.6183334659519616,
full,streak,2w,0.002675039184697406,0.07737762773970543,52.74896265560166,1928.0,1.517987697896513,0.4800298585468569,
full,streak,1m,0.0011150976795480238,0.07409401469580476,51.173708920187785,1917.0,0.6589323678950558,0.14379083113026586,
full,alignment,2w,0.009831541502551465,0.10155426080703843,54.42286947141316,1854.0,4.16848585762322,1.3181909704289736,
full,alignment,1m,0.012654270793053672,0.10103430030788632,57.24362452523061,1843.0,5.3768875417868855,1.1733330554049255,
full,price_score,2w,0.01026789269168596,0.12712171081613996,54.578375581996895,1933.0,3.5512195204845822,1.1229942155982258,
full,price_score,1m,0.008726384903383198,0.12061702245547161,54.266389177939644,1922.0,3.1717755961655985,0.6921381788972639,
2019-2020,trend_structure,2w,0.018897086666292844,,,,,,
2021-2022,trend_structure,2w,0.013855713212919504,,,,,,
2023-2024,trend_structure,2w,0.006482411947579321,,,,,,
2025-2026,trend_structure,2w,0.019706465330213425,,,,,,
2019-2020,rsi,2w,0.02235256394944413,,,,,,
2021-2022,rsi,2w,-0.002514028053752369,,,,,,
2023-2024,rsi,2w,-0.006489305735942758,,,,,,
2025-2026,rsi,2w,0.001599186656803813,,,,,,
2019-2020,macd,2w,-0.018014278324754596,,,,,,
2021-2022,macd,2w,0.0021894707478127945,,,,,,
2023-2024,macd,2w,0.0015286992054231719,,,,,,
2025-2026,macd,2w,-0.0014574403715430968,,,,,,
2019-2020,volume,2w,0.00127379069898186,,,,,,
2021-2022,volume,2w,-0.010394501386146345,,,,,,
2023-2024,volume,2w,0.0006417088995151802,,,,,,
2025-2026,volume,2w,-0.007447692004387154,,,,,,
2019-2020,streak,2w,0.004953735747116093,,,,,,
2021-2022,streak,2w,0.00823246875527871,,,,,,
2023-2024,streak,2w,-0.008157565633967035,,,,,,
2025-2026,streak,2w,0.006225772581679078,,,,,,
2019-2020,alignment,2w,0.01657572852167039,,,,,,
2021-2022,alignment,2w,0.015637714986602505,,,,,,
2023-2024,alignment,2w,-0.0007080616161650546,,,,,,
2025-2026,alignment,2w,0.008661956644043154,,,,,,
2019-2020,price_score,2w,0.01225465141120874,,,,,,
2021-2022,price_score,2w,0.01836905281504381,,,,,,
2023-2024,price_score,2w,-0.0019350739345679851,,,,,,
2025-2026,price_score,2w,0.012743551440957191,,,,,,
incremental,price-only (all six),2w,0.01026789269168596,,,,,,0.0
incremental,drop trend_structure,2w,0.003116520722819721,,,,,,-0.007151371968866238
incremental,drop rsi,2w,0.007381137140346359,,,,,,-0.0028867555513396002
incremental,drop macd,2w,0.012846500430487687,,,,,,0.0025786077388017282
incremental,drop volume,2w,0.013166913018901544,,,,,,0.002899020327215585
incremental,drop streak,2w,0.01114389290210725,,,,,,0.0008760002104212915
incremental,drop alignment,2w,0.0069598232661033915,,,,,,-0.0033080694255825677
