feature,horizon,ic_mean,ic_sd,hit,dates,t
base_ma,2w,0.010229135989549509,0.1765333390708053,54.05835543766578,1885,2.5157523888351503
base_ma,1m,0.009867845448488906,0.16502160509062808,55.70971184631803,1874,2.5886082156017487
ema_stack,2w,0.008101854589698925,0.17659285933669033,53.95757889291257,1933,2.017099086648458
ema_stack,1m,0.006741858059251675,0.16789774789978798,53.53798126951092,1922,1.760400266768578
ema_stack_px,2w,0.00670192276428915,0.1733058938217558,53.078116916709774,1933,1.7002078343228149
ema_stack_px,1m,0.005200165672440304,0.16489192261707497,52.54942767950052,1922,1.382593433436665
swing_struct,2w,0.0017509191126417409,0.17974134743993783,52.02282157676349,1928,0.42773186475686265
swing_struct,1m,1.253454002828358e-05,0.17175719298834377,51.90401669274909,1917,0.003195247650344017
swing_run,2w,0.0041584016681777206,0.12969971108731862,54.356846473029044,1928,1.4077999404257422
swing_run,1m,0.003665652820018006,0.1254396095259042,52.52999478351591,1917,1.279462886603906
wk_stack,2w,0.01345807213236782,0.18888925950954394,54.058272632674296,1922,3.123577453025474
wk_stack,1m,0.015800466674731548,0.17452628147499838,56.93354264782836,1911,3.9576685726909386
rungs_agree,2w,0.009574967413453995,0.1902238760454116,53.50285417747794,1927,2.209597323753882
rungs_agree,1m,0.009787408120681382,0.17959128457036475,55.58455114822547,1916,2.385504244643805
rungs_unanimous,2w,0.011144356169177437,0.18367474136187062,54.37044745057232,1922,2.6600036845937347
rungs_unanimous,1m,0.011637138457923583,0.17292459205126925,55.52066980638409,1911,2.9418449892129765
