fold,strategy,slots,bp,cagr,sd,min,max,maxdd,spy_cagr,spy_dd,above200,beat,rej
2022-01-01,rsi2,10,0.0,1.1233365167609533,7.451514677198733,-8.369729538566217,10.005555284524048,-21.033381925664752,-18.840115062354656,-24.497192419554004,18.725099601593627,yes,94.0088080530771
2022-01-01,rsi2,10,5.0,-1.476059436978003,7.251601361026123,-10.66123929801388,7.213159730599661,-21.899705196180804,-18.840115062354656,-24.497192419554004,18.725099601593627,yes,94.0088080530771
2022-01-01,rsi2,10,10.0,-4.008158880766872,7.0579355740837615,-12.895063043983635,4.492155061261172,-22.831352327801326,-18.840115062354656,-24.497192419554004,18.725099601593627,yes,94.0088080530771
2022-01-01,rsi2,20,0.0,-0.5958287829182951,5.742603470599221,-9.179709975595273,8.720983914398905,-19.272197888979697,-18.840115062354656,-24.497192419554004,18.725099601593627,yes,88.3808053077099
2022-01-01,rsi2,20,5.0,-3.0635139201814994,5.580626837488288,-11.403356256811447,5.945236605337478,-20.00675291596969,-18.840115062354656,-24.497192419554004,18.725099601593627,yes,88.3808053077099
2022-01-01,rsi2,20,10.0,-5.469397161089828,5.423478110573613,-13.572081158832317,3.240952498743921,-20.923629663884086,-18.840115062354656,-24.497192419554004,18.725099601593627,yes,88.3808053077099
2022-01-01,rsi2,40,0.0,6.625253092648134,3.554478975216154,0.3912344499367615,11.809997683797846,-17.52678335529825,-18.840115062354656,-24.497192419554004,18.725099601593627,yes,78.58899565316861
2022-01-01,rsi2,40,5.0,4.1785230178233554,3.472510558531072,-1.9185841617116006,9.228220684410227,-18.0912581260281,-18.840115062354656,-24.497192419554004,18.725099601593627,yes,78.58899565316861
2022-01-01,rsi2,40,10.0,1.7886142076829898,3.39249954291466,-4.174607070711023,6.706769024504267,-18.66950231220232,-18.840115062354656,-24.497192419554004,18.725099601593627,yes,78.58899565316861
2022-01-01,rsi2_prior_high,10,0.0,-26.860486130065624,4.153493493450269,-33.87212588534641,-21.477851927981106,-36.52442526202554,-18.840115062354656,-24.497192419554004,18.725099601593627,no,91.47888573456352
2022-01-01,rsi2_prior_high,10,5.0,-30.302478744926546,3.9113487339775252,-36.89373247565323,-25.219502003049175,-38.47065714717736,-18.840115062354656,-24.497192419554004,18.725099601593627,no,91.47888573456352
2022-01-01,rsi2_prior_high,10,10.0,-33.58163554683719,3.6833829331772447,-39.776569182537905,-28.782032352921473,-40.77963019988613,-18.840115062354656,-24.497192419554004,18.725099601593627,no,91.47888573456352
2022-01-01,rsi2_prior_high,20,0.0,-12.334461398326482,3.0752170097076497,-16.534283499172055,-7.376318365234513,-21.074674854410233,-18.840115062354656,-24.497192419554004,18.725099601593627,yes,84.56573811213627
2022-01-01,rsi2_prior_high,20,5.0,-16.06327860227179,2.9215699166425644,-20.015451799230554,-11.32921881628185,-22.820139280171517,-18.840115062354656,-24.497192419554004,18.725099601593627,mixed,84.56573811213627
2022-01-01,rsi2_prior_high,20,10.0,-19.63236160029675,2.7756412122042793,-23.35038589616194,-15.112235346803693,-24.83205698932349,-18.840115062354656,-24.497192419554004,18.725099601593627,mixed,84.56573811213627
2022-01-01,rsi2_prior_high,40,0.0,0.44004111346237357,2.077139330721154,-2.680236348512799,3.4470818578540285,-16.515808779887518,-18.840115062354656,-24.497192419554004,18.725099601593627,yes,72.64460610361958
2022-01-01,rsi2_prior_high,40,5.0,-3.3572719936642113,1.9837284728935933,-6.3245704157446685,-0.49480471810566806,-16.904667332940438,-18.840115062354656,-24.497192419554004,18.725099601593627,yes,72.64460610361958
2022-01-01,rsi2_prior_high,40,10.0,-7.009641418927799,1.8945575957264043,-9.831139105708143,-4.285048784127799,-17.446463780666353,-18.840115062354656,-24.497192419554004,18.725099601593627,yes,72.64460610361958
2023-01-01,rsi2,10,0.0,24.54405924291408,7.2464870218162325,12.0145614800389,36.52746269171266,-14.028199444492438,27.161480636180425,-9.97041421359226,93.60000000000001,mixed,92.39904988123516
2023-01-01,rsi2,10,5.0,20.986764607745158,6.989780389332248,8.834259278644762,32.55245754954081,-14.38855277245403,27.161480636180425,-9.97041421359226,93.60000000000001,mixed,92.39904988123516
2023-01-01,rsi2,10,10.0,17.531558517206104,6.742741321705853,5.744643166523966,28.693681822767637,-14.776853604350176,27.161480636180425,-9.97041421359226,93.60000000000001,mixed,92.39904988123516
2023-01-01,rsi2,20,0.0,34.25778968427031,7.886457589417365,23.457359915989052,46.834585991862745,-11.427886142742105,27.161480636180425,-9.97041421359226,93.60000000000001,mixed,85.12470308788599
2023-01-01,rsi2,20,5.0,30.484507950334518,7.598463100929825,20.066783610953355,42.6098314573178,-11.71007092449933,27.161480636180425,-9.97041421359226,93.60000000000001,mixed,85.12470308788599
2023-01-01,rsi2,20,10.0,26.816307267235356,7.320765095352229,16.768617398667796,38.50648874168192,-12.021624444863939,27.161480636180425,-9.97041421359226,93.60000000000001,mixed,85.12470308788599
2023-01-01,rsi2,40,0.0,30.645901022412815,4.3797702142412795,23.323684799264853,37.52218913691887,-13.617775924113463,27.161480636180425,-9.97041421359226,93.60000000000001,mixed,72.1859329638427
2023-01-01,rsi2,40,5.0,27.198021427433382,4.252766496827757,20.11477486133908,33.890566869867975,-14.047381186947705,27.161480636180425,-9.97041421359226,93.60000000000001,mixed,72.1859329638427
2023-01-01,rsi2,40,10.0,23.841923348003974,4.129586031067803,16.990073826039186,30.355694823285372,-14.474774639087556,27.161480636180425,-9.97041421359226,93.60000000000001,mixed,72.1859329638427
2023-01-01,rsi2_prior_high,10,0.0,63.40365037833557,11.985634400715396,48.438062624123,80.20693855336604,-13.921000749789492,27.161480636180425,-9.97041421359226,93.60000000000001,yes,88.16760746851932
2023-01-01,rsi2_prior_high,10,5.0,54.698763859670734,11.218212207661736,40.81992062709134,70.28372541747139,-14.749500637598137,27.161480636180425,-9.97041421359226,93.60000000000001,yes,88.16760746851932
2023-01-01,rsi2_prior_high,10,10.0,46.45961172765099,10.501195278035656,33.59429040595921,60.908912835775396,-15.596625780361503,27.161480636180425,-9.97041421359226,93.60000000000001,yes,88.16760746851932
2023-01-01,rsi2_prior_high,20,0.0,49.37879703612182,5.8454499794458314,39.2521621894524,56.5267727671928,-13.663715252357118,27.161480636180425,-9.97041421359226,93.60000000000001,yes,78.39774207555364
2023-01-01,rsi2_prior_high,20,5.0,42.06522179266506,5.560887621039365,32.45321101442378,48.8513662067098,-14.416751953543962,27.161480636180425,-9.97041421359226,93.60000000000001,yes,78.39774207555364
2023-01-01,rsi2_prior_high,20,10.0,35.111617397845585,5.291226739301355,25.98790929905508,41.55428884274457,-15.186447234111952,27.161480636180425,-9.97041421359226,93.60000000000001,mixed,78.39774207555364
2023-01-01,rsi2_prior_high,40,0.0,37.69028078209239,3.354653778897395,34.005910159632165,41.77482648663495,-13.057480547042973,27.161480636180425,-9.97041421359226,93.60000000000001,yes,62.73067737733391
2023-01-01,rsi2_prior_high,40,5.0,31.83722714737472,3.2055364066433336,28.354977058999744,35.74483333497598,-13.81825796278472,27.161480636180425,-9.97041421359226,93.60000000000001,yes,62.73067737733391
2023-01-01,rsi2_prior_high,40,10.0,26.2348458656649,3.0632526737994454,22.944136534465542,29.973234989564702,-14.579654288376851,27.161480636180425,-9.97041421359226,93.60000000000001,mixed,62.73067737733391
2024-01-01,rsi2,10,0.0,8.844505801747964,11.3476291963216,-6.065672013588874,27.150050266640392,-14.78279382581418,25.686282881034384,-8.40562263214345,100.0,mixed,92.3925483214649
2024-01-01,rsi2,10,5.0,5.6686077604991185,10.92168462752749,-8.779801924387032,23.240743779163033,-15.311923020828583,25.686282881034384,-8.40562263214345,100.0,no,92.3925483214649
2024-01-01,rsi2,10,10.0,2.5858658620348063,10.511422357430071,-11.415204433404035,19.452177543454297,-15.869370731582512,25.686282881034384,-8.40562263214345,100.0,no,92.3925483214649
2024-01-01,rsi2,20,0.0,20.233165127278923,6.399275911809857,9.36852563737316,28.33532672756107,-11.64540021902168,25.686282881034384,-8.40562263214345,100.0,mixed,85.10935910478128
2024-01-01,rsi2,20,5.0,16.803983362079684,6.171101420272039,6.382891414043823,24.67598284563648,-11.786452612682659,25.686282881034384,-8.40562263214345,100.0,no,85.10935910478128
2024-01-01,rsi2,20,10.0,13.473167639379444,5.951032310231545,3.4792290357001043,21.121597310693208,-11.927219736930189,25.686282881034384,-8.40562263214345,100.0,no,85.10935910478128
2024-01-01,rsi2,40,0.0,17.590840165604213,2.877117763794133,13.697733350666152,23.126478898968017,-11.799329730519228,25.686282881034384,-8.40562263214345,100.0,no,72.29781281790437
2024-01-01,rsi2,40,5.0,14.475028925443935,2.780545365097405,10.708723331763093,19.8164930403371,-11.896368346023975,25.686282881034384,-8.40562263214345,100.0,no,72.29781281790437
2024-01-01,rsi2,40,10.0,11.44238048381846,2.6871831535726742,7.7988579462549446,16.596138783961443,-11.993270537708183,25.686282881034384,-8.40562263214345,100.0,no,72.29781281790437
2024-01-01,rsi2_prior_high,10,0.0,35.6639797017664,13.588944666274863,17.66205414089992,55.71350478914698,-11.13252308575391,25.686282881034384,-8.40562263214345,100.0,mixed,88.41750481489407
2024-01-01,rsi2_prior_high,10,5.0,28.55155721744083,12.807457198756296,11.729029447889516,47.56518282352333,-11.504500279002142,25.686282881034384,-8.40562263214345,100.0,mixed,88.41750481489407
2024-01-01,rsi2_prior_high,10,10.0,21.81342849812353,12.072034719561607,6.096130960008583,39.84471369079196,-12.04994696871433,25.686282881034384,-8.40562263214345,100.0,mixed,88.41750481489407
2024-01-01,rsi2_prior_high,20,0.0,26.34413426202252,4.046594179966585,20.11592270506992,33.127581652100744,-9.449422979159344,25.686282881034384,-8.40562263214345,100.0,mixed,78.70479349454313
2024-01-01,rsi2_prior_high,20,5.0,20.25207072410069,3.826309763417196,14.372488531240535,26.701208449810785,-9.801771658956925,25.686282881034384,-8.40562263214345,100.0,mixed,78.70479349454313
2024-01-01,rsi2_prior_high,20,10.0,14.455019157632002,3.6181064691475227,8.904860281199166,20.58636135639549,-10.180118959864288,25.686282881034384,-8.40562263214345,100.0,no,78.70479349454313
2024-01-01,rsi2_prior_high,40,0.0,21.718812979019745,2.5604998018729934,17.495207254500976,25.419519934015877,-8.515296645460301,25.686282881034384,-8.40562263214345,100.0,no,61.87941365289964
2024-01-01,rsi2_prior_high,40,5.0,16.45500495725144,2.419085626634855,12.473894296666522,19.946359508228962,-8.728429219755686,25.686282881034384,-8.40562263214345,100.0,no,61.87941365289964
2024-01-01,rsi2_prior_high,40,10.0,11.4202032826392,2.2853348385195664,7.66847023251207,14.713457088864201,-8.994096206020838,25.686282881034384,-8.40562263214345,100.0,no,61.87941365289964
2025-01-01,rsi2,10,0.0,24.36021778828324,9.474570826240134,12.536508008934021,37.499668618703,-25.107141823553405,18.126148294451937,-18.75538828742258,83.2,mixed,92.3940305994482
2025-01-01,rsi2,10,5.0,20.680080587696622,9.142863972841068,9.153697982765351,33.45366926872602,-25.409802765856888,18.126148294451937,-18.75538828742258,83.2,mixed,92.3940305994482
2025-01-01,rsi2,10,10.0,17.109362916528223,8.823556840764104,5.872973281664184,29.527192448890705,-25.723218718342345,18.126148294451937,-18.75538828742258,83.2,mixed,92.3940305994482
2025-01-01,rsi2,20,0.0,16.50843677267843,7.234239771877994,9.586088702186402,31.689998737324878,-23.07983888361243,18.126148294451937,-18.75538828742258,83.2,mixed,85.33671933784801
2025-01-01,rsi2,20,5.0,13.18391445811566,6.935496875314792,6.582981967147594,27.73207892447378,-23.362932434473244,18.126148294451937,-18.75538828742258,83.2,mixed,85.33671933784801
2025-01-01,rsi2,20,10.0,9.95479285684628,6.648319962496287,3.6625658268913286,23.89368428157075,-23.657495076391186,18.126148294451937,-18.75538828742258,83.2,mixed,85.33671933784801
2025-01-01,rsi2,40,0.0,18.347281994133482,1.8095058263272812,15.4997246194579,20.60214924801562,-21.836211352004668,18.126148294451937,-18.75538828742258,83.2,mixed,72.43541509907199
2025-01-01,rsi2,40,5.0,15.159299192414002,1.740889309577297,12.41000032608408,17.320884117961043,-22.07036098821941,18.126148294451937,-18.75538828742258,83.2,no,72.43541509907199
2025-01-01,rsi2,40,10.0,12.05777858065451,1.6750440433145588,9.40347695595447,14.129505172839707,-22.328398710360073,18.126148294451937,-18.75538828742258,83.2,no,72.43541509907199
2025-01-01,rsi2_prior_high,10,0.0,19.244706576547983,10.214775418583635,2.201410113360036,36.93297383267726,-23.18353406780004,18.126148294451937,-18.75538828742258,83.2,mixed,88.36438923395444
2025-01-01,rsi2_prior_high,10,5.0,12.743584869408883,9.553242487187305,-3.274039455281219,29.291606840398533,-23.91440898180804,18.126148294451937,-18.75538828742258,83.2,mixed,88.36438923395444
2025-01-01,rsi2_prior_high,10,10.0,6.598189885178041,8.934333230379304,-8.455142029804952,22.078105271905322,-24.637617743887475,18.126148294451937,-18.75538828742258,83.2,mixed,88.36438923395444
2025-01-01,rsi2_prior_high,20,0.0,16.895889290913075,7.673337965979814,5.682324529175586,27.63872867360686,-20.92121055343098,18.126148294451937,-18.75538828742258,83.2,mixed,78.26604554865423
2025-01-01,rsi2_prior_high,20,5.0,10.934320468401227,7.226845500391977,0.41582227354770573,21.104234097469398,-21.62728007369206,18.126148294451937,-18.75538828742258,83.2,mixed,78.26604554865423
2025-01-01,rsi2_prior_high,20,10.0,5.278075025137846,6.80675634911831,-4.587223488396219,14.905736167624406,-22.32687019529141,18.126148294451937,-18.75538828742258,83.2,no,78.26604554865423
2025-01-01,rsi2_prior_high,40,0.0,20.64443085029925,2.9307360506456157,16.273467537151333,24.68780148445655,-18.57037411261002,18.126148294451937,-18.75538828742258,83.2,mixed,62.129917184265004
2025-01-01,rsi2_prior_high,40,5.0,15.275744615479539,2.800620762645139,11.144506097926765,19.144116107567278,-19.153772040659867,18.126148294451937,-18.75538828742258,83.2,mixed,62.129917184265004
2025-01-01,rsi2_prior_high,40,10.0,10.147444979573972,2.676582544547517,6.243186951295598,13.848434452257807,-19.742449462633004,18.126148294451937,-18.75538828742258,83.2,no,62.129917184265004
2026-01-01,rsi2,10,0.0,15.301361465936557,13.798933260147145,-0.8010645881135758,43.98657061103286,-14.881597236939076,19.409742247042793,-8.88136346692442,93.47826086956522,mixed,92.78191834089435
2026-01-01,rsi2,10,5.0,11.96379184137592,13.279012871165083,-3.5364860538428244,39.55869605281954,-15.248855486361288,19.409742247042793,-8.88136346692442,93.47826086956522,mixed,92.78191834089435
2026-01-01,rsi2,10,10.0,8.72334298673993,12.77814102539803,-6.196182077903711,35.267491426650444,-15.614291369440066,19.409742247042793,-8.88136346692442,93.47826086956522,mixed,92.78191834089435
2026-01-01,rsi2,20,0.0,12.375465783102523,8.10392493308379,0.7887581220503925,23.89949569066627,-12.042855737409552,19.409742247042793,-8.88136346692442,93.47826086956522,mixed,86.06205443940375
2026-01-01,rsi2,20,5.0,9.213097943477539,7.822157836001252,-1.955665704261711,20.398155711825304,-12.376583705849836,19.409742247042793,-8.88136346692442,93.47826086956522,mixed,86.06205443940375
2026-01-01,rsi2,20,10.0,6.140116950613456,7.550065166567404,-4.625093443673622,16.99619376185939,-12.805836769721603,19.409742247042793,-8.88136346692442,93.47826086956522,no,86.06205443940375
2026-01-01,rsi2,40,0.0,20.637410952797854,4.510822496967859,15.678638019158209,30.38734120077331,-10.504073695345074,19.409742247042793,-8.88136346692442,93.47826086956522,mixed,72.34688917692806
2026-01-01,rsi2,40,5.0,17.25306789687367,4.3654781664521565,12.423439614691635,26.690438158511842,-10.881297610276857,19.409742247042793,-8.88136346692442,93.47826086956522,mixed,72.34688917692806
2026-01-01,rsi2,40,10.0,13.964143207923499,4.225151811224632,9.260273595398449,23.09886667260541,-11.290236754364892,19.409742247042793,-8.88136346692442,93.47826086956522,mixed,72.34688917692806
2026-01-01,rsi2_prior_high,10,0.0,9.569574129693201,11.683872296222566,-9.767669060972894,22.90839305399026,-17.841993750486864,19.409742247042793,-8.88136346692442,93.47826086956522,mixed,89.58333333333333
2026-01-01,rsi2_prior_high,10,5.0,3.7574881813637773,10.997584943465474,-14.406144097529372,16.34922405397401,-18.751984356643653,19.409742247042793,-8.88136346692442,93.47826086956522,no,89.58333333333333
2026-01-01,rsi2_prior_high,10,10.0,-1.745405387455898,10.351693531699787,-18.8054982788578,10.141064810658197,-19.972106172454524,19.409742247042793,-8.88136346692442,93.47826086956522,no,89.58333333333333
2026-01-01,rsi2_prior_high,20,0.0,10.496799348167443,6.747909577837748,2.188566401959613,24.56252170682007,-14.184380342439862,19.409742247042793,-8.88136346692442,93.47826086956522,mixed,79.71474358974359
2026-01-01,rsi2_prior_high,20,5.0,4.765906478394075,6.314571742101267,-2.9446006622955934,17.99353198334881,-15.060039257807166,19.409742247042793,-8.88136346692442,93.47826086956522,no,79.71474358974359
2026-01-01,rsi2_prior_high,20,10.0,-0.6666388603474267,5.9097273464774505,-7.819075779860995,11.772129320173175,-16.19130769640916,19.409742247042793,-8.88136346692442,93.47826086956522,no,79.71474358974359
2026-01-01,rsi2_prior_high,40,0.0,14.583141054843507,3.954220521536141,7.163815747014413,20.040134015502332,-12.615107156302706,19.409742247042793,-8.88136346692442,93.47826086956522,mixed,62.79807692307693
2026-01-01,rsi2_prior_high,40,5.0,9.111216665643587,3.7321496255869486,2.1571786880107746,14.293585841976553,-13.420844350397834,19.409742247042793,-8.88136346692442,93.47826086956522,no,62.79807692307693
2026-01-01,rsi2_prior_high,40,10.0,3.9018542958943887,3.5231291120523647,-2.6144628644174883,8.823419466106674,-14.218964998071488,19.409742247042793,-8.88136346692442,93.47826086956522,no,62.79807692307693
