fold,strategy,slots,mode,floor,bp,cagr,sd,lo,hi,maxdd,fill,deployed,declined,spy_cagr,spy_dd,trend
2022-01-01,rsi2,20,random,,5.0,-3.0635139201814994,5.580626837488288,-11.403356256811447,5.945236605337478,-20.00675291596969,85.39591633466134,82.35239535082371,0,-18.840115062354656,-24.497192419554004,18.725099601593627
2022-01-01,rsi2,20,random,,10.0,-5.469397161089828,5.423478110573613,-13.572081158832317,3.240952498743921,-20.923629663884086,85.39591633466134,82.35500824401004,0,-18.840115062354656,-24.497192419554004,18.725099601593627
2022-01-01,rsi2,20,ranked,,5.0,2.195426070991102,0.0,2.195426070991102,2.195426070991102,-19.297582878520803,86.45418326693229,83.4216284478422,0,-18.840115062354656,-24.497192419554004,18.725099601593627
2022-01-01,rsi2,20,ranked,,10.0,-0.32462260936146903,0.0,-0.32462260936146903,-0.32462260936146903,-19.903270246582906,86.45418326693229,83.4255807251292,0,-18.840115062354656,-24.497192419554004,18.725099601593627
2022-01-01,rsi2,20,ranked+floor,3.0,5.0,7.1079516194228365,0.0,7.1079516194228365,7.1079516194228365,-20.058272439720216,76.45418326693228,73.63685965082006,378,-18.840115062354656,-24.497192419554004,18.725099601593627
2022-01-01,rsi2,20,ranked+floor,3.0,10.0,4.8852557204816405,0.0,4.8852557204816405,4.8852557204816405,-20.404398146057666,76.45418326693228,73.63598107874058,378,-18.840115062354656,-24.497192419554004,18.725099601593627
2022-01-01,rsi2,20,ranked+floor,5.0,5.0,31.344132635575626,0.0,31.344132635575626,31.344132635575626,-16.36524530084592,62.58964143426291,60.7786132029203,1537,-18.840115062354656,-24.497192419554004,18.725099601593627
2022-01-01,rsi2,20,ranked+floor,5.0,10.0,28.97211450012658,0.0,28.97211450012658,28.97211450012658,-16.416685502507644,62.58964143426291,60.774855455447266,1537,-18.840115062354656,-24.497192419554004,18.725099601593627
2022-01-01,rsi2,20,ranked+floor,7.0,5.0,5.7868736067719695,0.0,5.7868736067719695,5.7868736067719695,-15.405755926559927,33.28685258964137,32.25596860077002,3791,-18.840115062354656,-24.497192419554004,18.725099601593627
2022-01-01,rsi2,20,ranked+floor,7.0,10.0,4.818966859957419,0.0,4.818966859957419,4.818966859957419,-15.465259413909616,33.28685258964137,32.24884883631972,3791,-18.840115062354656,-24.497192419554004,18.725099601593627
2022-01-01,rsi2,20,ranked+floor,8.0,5.0,4.121363270445411,0.0,4.121363270445411,4.121363270445411,-5.658539966899323,9.541832669322718,9.174192573811068,4318,-18.840115062354656,-24.497192419554004,18.725099601593627
2022-01-01,rsi2,20,ranked+floor,8.0,10.0,3.841861012311898,0.0,3.841861012311898,3.841861012311898,-5.752000249659083,9.541832669322718,9.170530743159956,4318,-18.840115062354656,-24.497192419554004,18.725099601593627
2022-01-01,rsi2,40,random,,5.0,4.1785230178233554,3.472510558531072,-1.9185841617116006,9.228220684410227,-18.0912581260281,78.3105079681275,75.57057216887549,0,-18.840115062354656,-24.497192419554004,18.725099601593627
2022-01-01,rsi2,40,random,,10.0,1.7886142076829898,3.39249954291466,-4.174607070711023,6.706769024504267,-18.66950231220232,78.3105079681275,75.5698137548899,0,-18.840115062354656,-24.497192419554004,18.725099601593627
2022-01-01,rsi2,40,ranked,,5.0,8.672188593838204,0.0,8.672188593838204,8.672188593838204,-14.772079946611939,78.62549800796812,75.9573333520527,0,-18.840115062354656,-24.497192419554004,18.725099601593627
2022-01-01,rsi2,40,ranked,,10.0,6.185092004354176,0.0,6.185092004354176,6.185092004354176,-14.823023424152638,78.62549800796812,75.95597900235853,0,-18.840115062354656,-24.497192419554004,18.725099601593627
2022-01-01,rsi2,40,ranked+floor,3.0,5.0,21.863769307641444,0.0,21.863769307641444,21.863769307641444,-15.770204608794124,66.82270916334659,64.64133402892634,878,-18.840115062354656,-24.497192419554004,18.725099601593627
2022-01-01,rsi2,40,ranked+floor,3.0,10.0,19.458969812094985,0.0,19.458969812094985,19.458969812094985,-15.82823587889839,66.82270916334659,64.63720361660863,878,-18.840115062354656,-24.497192419554004,18.725099601593627
2022-01-01,rsi2,40,ranked+floor,5.0,5.0,19.856480348647132,0.0,19.856480348647132,19.856480348647132,-14.954544028116668,50.358565737051784,48.72236338368967,2549,-18.840115062354656,-24.497192419554004,18.725099601593627
2022-01-01,rsi2,40,ranked+floor,5.0,10.0,18.074000343206208,0.0,18.074000343206208,18.074000343206208,-15.011322529095771,50.358565737051784,48.71647010408623,2549,-18.840115062354656,-24.497192419554004,18.725099601593627
2022-01-01,rsi2,40,ranked+floor,7.0,5.0,3.673545372381848,0.0,3.673545372381848,3.673545372381848,-8.77996932998144,17.89840637450196,17.21742971946393,4171,-18.840115062354656,-24.497192419554004,18.725099601593627
2022-01-01,rsi2,40,ranked+floor,7.0,10.0,3.156610447250152,0.0,3.156610447250152,3.156610447250152,-8.818410990639558,17.89840637450196,17.21149307799947,4171,-18.840115062354656,-24.497192419554004,18.725099601593627
2022-01-01,rsi2,40,ranked+floor,8.0,5.0,2.0850777065500425,0.0,2.0850777065500425,2.0850777065500425,-2.8500135845039853,4.770916334661359,4.576945750369138,4318,-18.840115062354656,-24.497192419554004,18.725099601593627
2022-01-01,rsi2,40,ranked+floor,8.0,10.0,1.947753112645234,0.0,1.947753112645234,1.947753112645234,-2.8980164600454494,4.770916334661359,4.574888368011119,4318,-18.840115062354656,-24.497192419554004,18.725099601593627
2022-01-01,rsi2_prior_high,20,random,,5.0,-16.06327860227179,2.9215699166425644,-20.015451799230554,-11.32921881628185,-22.820139280171517,78.63047808764941,76.34595623169696,0,-18.840115062354656,-24.497192419554004,18.725099601593627
2022-01-01,rsi2_prior_high,20,random,,10.0,-19.63236160029675,2.7756412122042793,-23.35038589616194,-15.112235346803693,-24.83205698932349,78.63047808764941,76.34610361216835,0,-18.840115062354656,-24.497192419554004,18.725099601593627
2022-01-01,rsi2_prior_high,20,ranked,,5.0,-12.15248156137777,0.0,-12.15248156137777,-12.15248156137777,-23.04067658314426,78.88446215139443,76.6280896651001,0,-18.840115062354656,-24.497192419554004,18.725099601593627
2022-01-01,rsi2_prior_high,20,ranked,,10.0,-15.897969014100966,0.0,-15.897969014100966,-15.897969014100966,-24.20809695157933,78.88446215139443,76.62822655146492,0,-18.840115062354656,-24.497192419554004,18.725099601593627
2022-01-01,rsi2_prior_high,20,ranked+floor,3.0,5.0,1.2571547201515765,0.0,1.2571547201515765,1.2571547201515765,-22.282077403137933,64.601593625498,62.90484688078203,661,-18.840115062354656,-24.497192419554004,18.725099601593627
2022-01-01,rsi2_prior_high,20,ranked+floor,3.0,10.0,-2.3513018714257816,0.0,-2.3513018714257816,-2.3513018714257816,-22.879320944695348,64.601593625498,62.90212154137434,661,-18.840115062354656,-24.497192419554004,18.725099601593627
2022-01-01,rsi2_prior_high,20,ranked+floor,5.0,5.0,14.548113846344979,0.0,14.548113846344979,14.548113846344979,-14.87375535631832,47.470119521912366,46.41799276620815,2267,-18.840115062354656,-24.497192419554004,18.725099601593627
2022-01-01,rsi2_prior_high,20,ranked+floor,5.0,10.0,11.472262322537041,0.0,11.472262322537041,11.472262322537041,-15.021497025983999,47.470119521912366,46.41309453859499,2267,-18.840115062354656,-24.497192419554004,18.725099601593627
2022-01-01,rsi2_prior_high,20,ranked+floor,7.0,5.0,6.855167739684687,0.0,6.855167739684687,6.855167739684687,-10.669258785508607,20.199203187250983,19.736101858525593,5009,-18.840115062354656,-24.497192419554004,18.725099601593627
2022-01-01,rsi2_prior_high,20,ranked+floor,7.0,10.0,5.643881453555588,0.0,5.643881453555588,5.643881453555588,-10.797676965026525,20.199203187250983,19.7309038103588,5009,-18.840115062354656,-24.497192419554004,18.725099601593627
2022-01-01,rsi2_prior_high,20,ranked+floor,8.0,5.0,1.3495781140762553,0.0,1.3495781140762553,1.3495781140762553,-5.992932519546168,6.394422310756978,6.093622999527155,5571,-18.840115062354656,-24.497192419554004,18.725099601593627
2022-01-01,rsi2_prior_high,20,ranked+floor,8.0,10.0,1.0187457285384616,0.0,1.0187457285384616,1.0187457285384616,-6.099550829626965,6.394422310756978,6.091110379499052,5571,-18.840115062354656,-24.497192419554004,18.725099601593627
2022-01-01,rsi2_prior_high,40,random,,5.0,-3.3572719936642113,1.9837284728935933,-6.3245704157446685,-0.49480471810566806,-16.904667332940438,67.82121513944222,65.92846393375248,0,-18.840115062354656,-24.497192419554004,18.725099601593627
2022-01-01,rsi2_prior_high,40,random,,10.0,-7.009641418927799,1.8945575957264043,-9.831139105708143,-4.285048784127799,-17.446463780666353,67.82121513944222,65.9250229239002,0,-18.840115062354656,-24.497192419554004,18.725099601593627
2022-01-01,rsi2_prior_high,40,ranked,,5.0,-5.411482083778363,0.0,-5.411482083778363,-5.411482083778363,-17.575279443168757,68.39641434262947,66.46615214115091,0,-18.840115062354656,-24.497192419554004,18.725099601593627
2022-01-01,rsi2_prior_high,40,ranked,,10.0,-8.964964585705992,0.0,-8.964964585705992,-8.964964585705992,-18.112178027155736,68.39641434262947,66.46285825590641,0,-18.840115062354656,-24.497192419554004,18.725099601593627
2022-01-01,rsi2_prior_high,40,ranked+floor,3.0,5.0,6.446010278082803,0.0,6.446010278082803,6.446010278082803,-13.287851285726148,51.97211155378487,50.697133449730416,1188,-18.840115062354656,-24.497192419554004,18.725099601593627
2022-01-01,rsi2_prior_high,40,ranked+floor,3.0,10.0,3.285985326883445,0.0,3.285985326883445,3.285985326883445,-13.452640109077974,51.97211155378487,50.69216331327448,1188,-18.840115062354656,-24.497192419554004,18.725099601593627
2022-01-01,rsi2_prior_high,40,ranked+floor,5.0,5.0,8.221856336928667,0.0,8.221856336928667,8.221856336928667,-12.751296698263726,35.73705179282871,34.92784718099375,3403,-18.840115062354656,-24.497192419554004,18.725099601593627
2022-01-01,rsi2_prior_high,40,ranked+floor,5.0,10.0,5.999938466549204,0.0,5.999938466549204,5.999938466549204,-12.891345045864266,35.73705179282871,34.92202736580122,3403,-18.840115062354656,-24.497192419554004,18.725099601593627
2022-01-01,rsi2_prior_high,40,ranked+floor,7.0,5.0,2.3345274001805194,0.0,2.3345274001805194,2.3345274001805194,-6.898895862247079,10.976095617529875,10.608780789487875,5390,-18.840115062354656,-24.497192419554004,18.725099601593627
2022-01-01,rsi2_prior_high,40,ranked+floor,7.0,10.0,1.7071949787001328,0.0,1.7071949787001328,1.7071949787001328,-6.983385565185241,10.976095617529875,10.604984941543444,5390,-18.840115062354656,-24.497192419554004,18.725099601593627
2022-01-01,rsi2_prior_high,40,ranked+floor,8.0,5.0,0.708086780268613,0.0,0.708086780268613,0.708086780268613,-3.0209325120024277,3.197211155378489,3.038308004026182,5571,-18.840115062354656,-24.497192419554004,18.725099601593627
2022-01-01,rsi2_prior_high,40,ranked+floor,8.0,10.0,0.543423743604432,0.0,0.543423743604432,0.543423743604432,-3.07578609975675,3.197211155378489,3.0369222886488796,5571,-18.840115062354656,-24.497192419554004,18.725099601593627
2023-01-01,rsi2,20,random,,5.0,30.484507950334518,7.598463100929825,20.066783610953355,42.6098314573178,-11.71007092449933,91.31749999999998,88.57896709970639,0,27.161480636180425,-9.97041421359226,93.60000000000001
2023-01-01,rsi2,20,random,,10.0,26.816307267235356,7.320765095352229,16.768617398667796,38.50648874168192,-12.021624444863939,91.31749999999998,88.59129220710783,0,27.161480636180425,-9.97041421359226,93.60000000000001
2023-01-01,rsi2,20,ranked,,5.0,27.857897159922352,0.0,27.857897159922352,27.857897159922352,-12.10303846821862,91.51999999999998,88.85093081831015,0,27.161480636180425,-9.97041421359226,93.60000000000001
2023-01-01,rsi2,20,ranked,,10.0,24.31556122261349,0.0,24.31556122261349,24.31556122261349,-12.194380204353884,91.51999999999998,88.86437260052055,0,27.161480636180425,-9.97041421359226,93.60000000000001
2023-01-01,rsi2,20,ranked+floor,3.0,5.0,21.65417158328806,0.0,21.65417158328806,21.65417158328806,-11.36725177465503,82.72000000000004,80.45370303934125,393,27.161480636180425,-9.97041421359226,93.60000000000001
2023-01-01,rsi2,20,ranked+floor,3.0,10.0,18.687892546807895,0.0,18.687892546807895,18.687892546807895,-11.792816493869474,82.72000000000004,80.46264566675868,393,27.161480636180425,-9.97041421359226,93.60000000000001
2023-01-01,rsi2,20,ranked+floor,5.0,5.0,11.768078136057092,0.0,11.768078136057092,11.768078136057092,-12.04110446227512,69.38,67.50654011334008,1225,27.161480636180425,-9.97041421359226,93.60000000000001
2023-01-01,rsi2,20,ranked+floor,5.0,10.0,9.595139567619459,0.0,9.595139567619459,9.595139567619459,-12.491434342782537,69.38,67.50963245710437,1225,27.161480636180425,-9.97041421359226,93.60000000000001
2023-01-01,rsi2,20,ranked+floor,7.0,5.0,2.0817814013542213,0.0,2.0817814013542213,2.0817814013542213,-9.386825719440584,37.38000000000001,36.53082215475812,3343,27.161480636180425,-9.97041421359226,93.60000000000001
2023-01-01,rsi2,20,ranked+floor,7.0,10.0,1.1635232034148846,0.0,1.1635232034148846,1.1635232034148846,-9.66688871871697,37.38000000000001,36.525427184207146,3343,27.161480636180425,-9.97041421359226,93.60000000000001
2023-01-01,rsi2,20,ranked+floor,8.0,5.0,2.078233758891579,0.0,2.078233758891579,2.078233758891579,-2.548767151889808,13.73999999999998,13.462124826635266,3722,27.161480636180425,-9.97041421359226,93.60000000000001
2023-01-01,rsi2,20,ranked+floor,8.0,10.0,1.7331309572913067,0.0,1.7331309572913067,1.7331309572913067,-2.698483372513183,13.73999999999998,13.457930914315028,3722,27.161480636180425,-9.97041421359226,93.60000000000001
2023-01-01,rsi2,40,random,,5.0,27.198021427433382,4.252766496827757,20.11477486133908,33.890566869867975,-14.047381186947705,84.165,81.54578295445677,0,27.161480636180425,-9.97041421359226,93.60000000000001
2023-01-01,rsi2,40,random,,10.0,23.841923348003974,4.129586031067803,16.990073826039186,30.355694823285372,-14.474774639087556,84.165,81.55526742157159,0,27.161480636180425,-9.97041421359226,93.60000000000001
2023-01-01,rsi2,40,ranked,,5.0,26.511376654233953,0.0,26.511376654233953,26.511376654233953,-13.339750934373606,84.74999999999999,82.29773960455779,0,27.161480636180425,-9.97041421359226,93.60000000000001
2023-01-01,rsi2,40,ranked,,10.0,23.217942990955542,0.0,23.217942990955542,23.217942990955542,-13.76810535712929,84.74999999999999,82.30692024430984,0,27.161480636180425,-9.97041421359226,93.60000000000001
2023-01-01,rsi2,40,ranked+floor,3.0,5.0,20.42903115675856,0.0,20.42903115675856,20.42903115675856,-10.591874895843533,71.44000000000005,69.35679500363071,762,27.161480636180425,-9.97041421359226,93.60000000000001
2023-01-01,rsi2,40,ranked+floor,3.0,10.0,17.851060657187425,0.0,17.851060657187425,17.851060657187425,-11.018889505682006,71.44000000000005,69.36088806170602,762,27.161480636180425,-9.97041421359226,93.60000000000001
2023-01-01,rsi2,40,ranked+floor,5.0,5.0,7.614407727255523,0.0,7.614407727255523,7.614407727255523,-11.328468102016453,53.21999999999997,51.82880893976133,2006,27.161480636180425,-9.97041421359226,93.60000000000001
2023-01-01,rsi2,40,ranked+floor,5.0,10.0,5.981827851265509,0.0,5.981827851265509,5.981827851265509,-11.716116197279325,53.21999999999997,51.82599601590601,2006,27.161480636180425,-9.97041421359226,93.60000000000001
2023-01-01,rsi2,40,ranked+floor,7.0,5.0,2.124745138090045,0.0,2.124745138090045,2.124745138090045,-4.832951729114021,21.20999999999999,20.639958266286353,3585,27.161480636180425,-9.97041421359226,93.60000000000001
2023-01-01,rsi2,40,ranked+floor,7.0,10.0,1.5979419537474948,0.0,1.5979419537474948,1.5979419537474948,-4.946752673858635,21.20999999999999,20.63444528277905,3585,27.161480636180425,-9.97041421359226,93.60000000000001
2023-01-01,rsi2,40,ranked+floor,8.0,5.0,1.0420908204014534,0.0,1.0420908204014534,1.0420908204014534,-1.2839995845314922,6.86999999999999,6.730000066216728,3722,27.161480636180425,-9.97041421359226,93.60000000000001
2023-01-01,rsi2,40,ranked+floor,8.0,10.0,0.8709917042661441,0.0,0.8709917042661441,0.8709917042661441,-1.3597497523403779,6.86999999999999,6.727271530985973,3722,27.161480636180425,-9.97041421359226,93.60000000000001
2023-01-01,rsi2_prior_high,20,random,,5.0,42.06522179266506,5.560887621039365,32.45321101442378,48.8513662067098,-14.416751953543962,83.225,81.48090188779068,0,27.161480636180425,-9.97041421359226,93.60000000000001
2023-01-01,rsi2_prior_high,20,random,,10.0,35.111617397845585,5.291226739301355,25.98790929905508,41.55428884274457,-15.186447234111952,83.225,81.48914433445455,0,27.161480636180425,-9.97041421359226,93.60000000000001
2023-01-01,rsi2_prior_high,20,ranked,,5.0,43.31709454163466,0.0,43.31709454163466,43.31709454163466,-10.180829239547295,83.68,82.00069929199462,0,27.161480636180425,-9.97041421359226,93.60000000000001
2023-01-01,rsi2_prior_high,20,ranked,,10.0,36.38160097636685,0.0,36.38160097636685,36.38160097636685,-10.486595873690751,83.68,82.0090996272747,0,27.161480636180425,-9.97041421359226,93.60000000000001
2023-01-01,rsi2_prior_high,20,ranked+floor,3.0,5.0,29.617767396891658,0.0,29.617767396891658,29.617767396891658,-10.755961009588866,69.85999999999997,68.61783568499852,638,27.161480636180425,-9.97041421359226,93.60000000000001
2023-01-01,rsi2_prior_high,20,ranked+floor,3.0,10.0,24.382343418115294,0.0,24.382343418115294,24.382343418115294,-11.55348744370588,69.85999999999997,68.62157365366177,638,27.161480636180425,-9.97041421359226,93.60000000000001
2023-01-01,rsi2_prior_high,20,ranked+floor,5.0,5.0,14.76325346729137,0.0,14.76325346729137,14.76325346729137,-9.282270119586977,51.62,50.64054489745957,1886,27.161480636180425,-9.97041421359226,93.60000000000001
2023-01-01,rsi2_prior_high,20,ranked+floor,5.0,10.0,11.370585322466464,0.0,11.370585322466464,11.370585322466464,-9.749379356343468,51.62,50.64003600591151,1886,27.161480636180425,-9.97041421359226,93.60000000000001
2023-01-01,rsi2_prior_high,20,ranked+floor,7.0,5.0,0.19405816005759746,0.0,0.19405816005759746,0.19405816005759746,-5.8054557844637085,21.779999999999976,21.421515912963347,4128,27.161480636180425,-9.97041421359226,93.60000000000001
2023-01-01,rsi2_prior_high,20,ranked+floor,7.0,10.0,-0.9112883750013179,0.0,-0.9112883750013179,-0.9112883750013179,-6.101392450412146,21.779999999999976,21.416445794614678,4128,27.161480636180425,-9.97041421359226,93.60000000000001
2023-01-01,rsi2_prior_high,20,ranked+floor,8.0,5.0,1.5224373319163709,0.0,1.5224373319163709,1.5224373319163709,-2.028399563872929,7.040000000000013,6.913246021896848,4532,27.161480636180425,-9.97041421359226,93.60000000000001
2023-01-01,rsi2_prior_high,20,ranked+floor,8.0,10.0,1.1438773448010142,0.0,1.1438773448010142,1.1438773448010142,-2.090514731435311,7.040000000000013,6.910562222401076,4532,27.161480636180425,-9.97041421359226,93.60000000000001
2023-01-01,rsi2_prior_high,40,random,,5.0,31.83722714737472,3.2055364066433336,28.354977058999744,35.74483333497598,-13.81825796278472,71.64249999999998,70.21673103340589,0,27.161480636180425,-9.97041421359226,93.60000000000001
2023-01-01,rsi2_prior_high,40,random,,10.0,26.2348458656649,3.0632526737994454,22.944136534465542,29.973234989564702,-14.579654288376851,71.64249999999998,70.2205377841833,0,27.161480636180425,-9.97041421359226,93.60000000000001
2023-01-01,rsi2_prior_high,40,ranked,,5.0,34.599991209648294,0.0,34.599991209648294,34.599991209648294,-12.401346568029437,71.88999999999996,70.45751423716298,0,27.161480636180425,-9.97041421359226,93.60000000000001
2023-01-01,rsi2_prior_high,40,ranked,,10.0,28.85606625344368,0.0,28.85606625344368,28.85606625344368,-13.21198692299026,71.88999999999996,70.46098486683113,0,27.161480636180425,-9.97041421359226,93.60000000000001
2023-01-01,rsi2_prior_high,40,ranked+floor,3.0,5.0,16.36341650051174,0.0,16.36341650051174,16.36341650051174,-11.763217785084212,55.86999999999998,54.82197140959114,1079,27.161480636180425,-9.97041421359226,93.60000000000001
2023-01-01,rsi2_prior_high,40,ranked+floor,3.0,10.0,12.64881379304259,0.0,12.64881379304259,12.64881379304259,-12.464133858264459,55.86999999999998,54.8216902600066,1079,27.161480636180425,-9.97041421359226,93.60000000000001
2023-01-01,rsi2_prior_high,40,ranked+floor,5.0,5.0,6.693411147609241,0.0,6.693411147609241,6.693411147609241,-7.678863117705548,36.64999999999999,35.98940520390273,2808,27.161480636180425,-9.97041421359226,93.60000000000001
2023-01-01,rsi2_prior_high,40,ranked+floor,5.0,10.0,4.4584583365447905,0.0,4.4584583365447905,4.4584583365447905,-8.230799577133151,36.64999999999999,35.98556278238656,2808,27.161480636180425,-9.97041421359226,93.60000000000001
2023-01-01,rsi2_prior_high,40,ranked+floor,7.0,5.0,0.3434976718626581,0.0,0.3434976718626581,0.3434976718626581,-3.2447644529711717,11.50999999999999,11.299245649176317,4368,27.161480636180425,-9.97041421359226,93.60000000000001
2023-01-01,rsi2_prior_high,40,ranked+floor,7.0,10.0,-0.2590780096137224,0.0,-0.2590780096137224,-0.2590780096137224,-3.4034135058012893,11.50999999999999,11.295334383442391,4368,27.161480636180425,-9.97041421359226,93.60000000000001
2023-01-01,rsi2_prior_high,40,ranked+floor,8.0,5.0,0.7637189737368821,0.0,0.7637189737368821,0.7637189737368821,-1.0188806805863981,3.5200000000000067,3.4558200557892826,4532,27.161480636180425,-9.97041421359226,93.60000000000001
2023-01-01,rsi2_prior_high,40,ranked+floor,8.0,10.0,0.5755218415677943,0.0,0.5755218415677943,0.5755218415677943,-1.0501989208562046,3.5200000000000067,3.454286364659085,4532,27.161480636180425,-9.97041421359226,93.60000000000001
2024-01-01,rsi2,20,random,,5.0,16.803983362079684,6.171101420272039,6.382891414043823,24.67598284563648,-11.786452612682659,92.30654761904762,89.60131180191425,0,25.686282881034384,-8.40562263214345,100.0
2024-01-01,rsi2,20,random,,10.0,13.473167639379444,5.951032310231545,3.4792290357001043,21.121597310693208,-11.927219736930189,92.30654761904762,89.61252003734445,0,25.686282881034384,-8.40562263214345,100.0
2024-01-01,rsi2,20,ranked,,5.0,21.27263867913607,0.0,21.27263867913607,21.27263867913607,-9.639312328499617,92.63888888888889,89.96102155322154,0,25.686282881034384,-8.40562263214345,100.0
2024-01-01,rsi2,20,ranked,,10.0,17.916306009803762,0.0,17.916306009803762,17.916306009803762,-9.762024629913224,92.63888888888889,89.9697359822689,0,25.686282881034384,-8.40562263214345,100.0
2024-01-01,rsi2,20,ranked+floor,3.0,5.0,14.685610674229665,0.0,14.685610674229665,14.685610674229665,-11.955907464025595,85.89285714285714,83.51375186363244,300,25.686282881034384,-8.40562263214345,100.0
2024-01-01,rsi2,20,ranked+floor,3.0,10.0,11.826705006489014,0.0,11.826705006489014,11.826705006489014,-12.063678039047632,85.89285714285714,83.52010252008118,300,25.686282881034384,-8.40562263214345,100.0
2024-01-01,rsi2,20,ranked+floor,5.0,5.0,22.764478784316687,0.0,22.764478784316687,22.764478784316687,-11.737065464251383,71.68650793650794,69.99256725002353,1237,25.686282881034384,-8.40562263214345,100.0
2024-01-01,rsi2,20,ranked+floor,5.0,10.0,20.103928225642754,0.0,20.103928225642754,20.103928225642754,-11.984085623399999,71.68650793650794,69.99025663940279,1237,25.686282881034384,-8.40562263214345,100.0
2024-01-01,rsi2,20,ranked+floor,7.0,5.0,12.264274814105658,0.0,12.264274814105658,12.264274814105658,-7.006490655339759,36.38888888888891,35.721639005668585,3256,25.686282881034384,-8.40562263214345,100.0
2024-01-01,rsi2,20,ranked+floor,7.0,10.0,11.006658768306309,0.0,11.006658768306309,11.006658768306309,-7.018244325743295,36.38888888888891,35.714089646555195,3256,25.686282881034384,-8.40562263214345,100.0
2024-01-01,rsi2,20,ranked+floor,8.0,5.0,0.8792712602504693,0.0,0.8792712602504693,0.8792712602504693,-4.566407659116612,12.916666666666668,12.639780413094043,3856,25.686282881034384,-8.40562263214345,100.0
2024-01-01,rsi2,20,ranked+floor,8.0,10.0,0.5044360808857951,0.0,0.5044360808857951,0.5044360808857951,-4.59396015943665,12.916666666666668,12.635025931619461,3856,25.686282881034384,-8.40562263214345,100.0
2024-01-01,rsi2,40,random,,5.0,14.475028925443935,2.780545365097405,10.708723331763093,19.8164930403371,-11.896368346023975,87.08085317460313,84.70218249194937,0,25.686282881034384,-8.40562263214345,100.0
2024-01-01,rsi2,40,random,,10.0,11.44238048381846,2.6871831535726742,7.7988579462549446,16.596138783961443,-11.993270537708183,87.08085317460313,84.709557445619,0,25.686282881034384,-8.40562263214345,100.0
2024-01-01,rsi2,40,ranked,,5.0,16.103902502238366,0.0,16.103902502238366,16.103902502238366,-10.965379255250806,87.38095238095237,85.039457283412,0,25.686282881034384,-8.40562263214345,100.0
2024-01-01,rsi2,40,ranked,,10.0,13.055751556076922,0.0,13.055751556076922,13.055751556076922,-11.072068302185622,87.38095238095237,85.04613528757628,0,25.686282881034384,-8.40562263214345,100.0
2024-01-01,rsi2,40,ranked+floor,3.0,5.0,15.495011278284053,0.0,15.495011278284053,15.495011278284053,-13.246272984016771,76.4583333333333,74.47082709199415,686,25.686282881034384,-8.40562263214345,100.0
2024-01-01,rsi2,40,ranked+floor,3.0,10.0,12.881449300654957,0.0,12.881449300654957,12.881449300654957,-13.333043834173342,76.4583333333333,74.4715369259472,686,25.686282881034384,-8.40562263214345,100.0
2024-01-01,rsi2,40,ranked+floor,5.0,5.0,14.995927050077107,0.0,14.995927050077107,14.995927050077107,-11.034652685166668,55.228174603174566,53.87324786871097,2128,25.686282881034384,-8.40562263214345,100.0
2024-01-01,rsi2,40,ranked+floor,5.0,10.0,13.057866413129693,0.0,13.057866413129693,13.057866413129693,-11.128443285485812,55.228174603174566,53.867395473408244,2128,25.686282881034384,-8.40562263214345,100.0
2024-01-01,rsi2,40,ranked+floor,7.0,5.0,6.082682461543798,0.0,6.082682461543798,6.082682461543798,-3.5288536863177455,19.91071428571429,19.52992139352282,3676,25.686282881034384,-8.40562263214345,100.0
2024-01-01,rsi2,40,ranked+floor,7.0,10.0,5.4271804423465575,0.0,5.4271804423465575,5.4271804423465575,-3.534035515374412,19.91071428571429,19.523537692464807,3676,25.686282881034384,-8.40562263214345,100.0
2024-01-01,rsi2,40,ranked+floor,8.0,5.0,0.4532764534473488,0.0,0.4532764534473488,0.4532764534473488,-2.2898241878583803,6.458333333333334,6.312638834496602,3856,25.686282881034384,-8.40562263214345,100.0
2024-01-01,rsi2,40,ranked+floor,8.0,10.0,0.26654118412989813,0.0,0.26654118412989813,0.26654118412989813,-2.303634704346602,6.458333333333334,6.309873472487741,3856,25.686282881034384,-8.40562263214345,100.0
2024-01-01,rsi2_prior_high,20,random,,5.0,20.25207072410069,3.826309763417196,14.372488531240535,26.701208449810785,-9.801771658956925,88.97073412698413,86.98832079455818,0,25.686282881034384,-8.40562263214345,100.0
2024-01-01,rsi2_prior_high,20,random,,10.0,14.455019157632002,3.6181064691475227,8.904860281199166,20.58636135639549,-10.180118959864288,88.97073412698413,87.0014981112034,0,25.686282881034384,-8.40562263214345,100.0
2024-01-01,rsi2_prior_high,20,ranked,,5.0,17.55776270719467,0.0,17.55776270719467,17.55776270719467,-9.401368920509977,89.36507936507935,87.36873379853071,0,25.686282881034384,-8.40562263214345,100.0
2024-01-01,rsi2_prior_high,20,ranked,,10.0,12.050342123098567,0.0,12.050342123098567,12.050342123098567,-9.859767125157514,89.36507936507935,87.38089168225709,0,25.686282881034384,-8.40562263214345,100.0
2024-01-01,rsi2_prior_high,20,ranked+floor,3.0,5.0,8.492316172780413,0.0,8.492316172780413,8.492316172780413,-8.510002306325749,77.9365079365079,76.42309129886438,548,25.686282881034384,-8.40562263214345,100.0
2024-01-01,rsi2_prior_high,20,ranked+floor,3.0,10.0,4.180758003697194,0.0,4.180758003697194,4.180758003697194,-9.331287229468721,77.9365079365079,76.42910976598235,548,25.686282881034384,-8.40562263214345,100.0
2024-01-01,rsi2_prior_high,20,ranked+floor,5.0,5.0,5.114873936339714,0.0,5.114873936339714,5.114873936339714,-9.140703703012399,58.591269841269835,57.42341728595465,1934,25.686282881034384,-8.40562263214345,100.0
2024-01-01,rsi2_prior_high,20,ranked+floor,5.0,10.0,2.024519475155695,0.0,2.024519475155695,2.024519475155695,-9.867444380356128,58.591269841269835,57.421400474346115,1934,25.686282881034384,-8.40562263214345,100.0
2024-01-01,rsi2_prior_high,20,ranked+floor,7.0,5.0,6.335365062684306,0.0,6.335365062684306,6.335365062684306,-3.8754380725629978,26.011904761904738,25.57536905492904,3915,25.686282881034384,-8.40562263214345,100.0
2024-01-01,rsi2_prior_high,20,ranked+floor,7.0,10.0,4.924087848131586,0.0,4.924087848131586,4.924087848131586,-4.006532259677186,26.011904761904738,25.56933223457314,3915,25.686282881034384,-8.40562263214345,100.0
2024-01-01,rsi2_prior_high,20,ranked+floor,8.0,5.0,-0.26300896358726344,0.0,-0.26300896358726344,-0.26300896358726344,-2.939474556881172,8.829365079365079,8.640019169037535,4587,25.686282881034384,-8.40562263214345,100.0
2024-01-01,rsi2_prior_high,20,ranked+floor,8.0,10.0,-0.6796024604178053,0.0,-0.6796024604178053,-0.6796024604178053,-3.034976205861062,8.829365079365079,8.636693491407906,4587,25.686282881034384,-8.40562263214345,100.0
2024-01-01,rsi2_prior_high,40,random,,5.0,16.45500495725144,2.419085626634855,12.473894296666522,19.946359508228962,-8.728429219755686,79.61805555555551,77.93170975936496,0,25.686282881034384,-8.40562263214345,100.0
2024-01-01,rsi2_prior_high,40,random,,10.0,11.4202032826392,2.2853348385195664,7.66847023251207,14.713457088864201,-8.994096206020838,79.61805555555551,77.93994331291114,0,25.686282881034384,-8.40562263214345,100.0
2024-01-01,rsi2_prior_high,40,ranked,,5.0,14.005526436242599,0.0,14.005526436242599,14.005526436242599,-8.315206238299766,79.66269841269836,77.90447138459754,0,25.686282881034384,-8.40562263214345,100.0
2024-01-01,rsi2_prior_high,40,ranked,,10.0,9.123336910371327,0.0,9.123336910371327,9.123336910371327,-8.572152467776172,79.66269841269836,77.91235921191081,0,25.686282881034384,-8.40562263214345,100.0
2024-01-01,rsi2_prior_high,40,ranked+floor,3.0,5.0,4.186148216611363,0.0,4.186148216611363,4.186148216611363,-8.287661068507257,63.432539682539655,62.115582728451955,1182,25.686282881034384,-8.40562263214345,100.0
2024-01-01,rsi2_prior_high,40,ranked+floor,3.0,10.0,0.7722863018271298,0.0,0.7722863018271298,0.7722863018271298,-9.379265176613815,63.432539682539655,62.115543602820324,1182,25.686282881034384,-8.40562263214345,100.0
2024-01-01,rsi2_prior_high,40,ranked+floor,5.0,5.0,3.888987701728408,0.0,3.888987701728408,3.888987701728408,-6.474226902685598,41.33928571428576,40.52361109290483,2728,25.686282881034384,-8.40562263214345,100.0
2024-01-01,rsi2_prior_high,40,ranked+floor,5.0,10.0,1.7199014290038006,0.0,1.7199014290038006,1.7199014290038006,-7.043009232418374,41.33928571428576,40.51852628780473,2728,25.686282881034384,-8.40562263214345,100.0
2024-01-01,rsi2_prior_high,40,ranked+floor,7.0,5.0,3.2369270345458556,0.0,3.2369270345458556,3.2369270345458556,-1.9454943761547328,13.84920634920634,13.604499981005242,4378,25.686282881034384,-8.40562263214345,100.0
2024-01-01,rsi2_prior_high,40,ranked+floor,7.0,10.0,2.4998848169931254,0.0,2.4998848169931254,2.4998848169931254,-2.012153169665598,13.84920634920634,13.599774625116561,4378,25.686282881034384,-8.40562263214345,100.0
2024-01-01,rsi2_prior_high,40,ranked+floor,8.0,5.0,-0.12709276732293384,0.0,-0.12709276732293384,-0.12709276732293384,-1.476862422608427,4.4146825396825395,4.316804450498016,4587,25.686282881034384,-8.40562263214345,100.0
2024-01-01,rsi2_prior_high,40,ranked+floor,8.0,10.0,-0.33586905696615377,0.0,-0.33586905696615377,-0.33586905696615377,-1.5252137239477714,4.4146825396825395,4.31489511435171,4587,25.686282881034384,-8.40562263214345,100.0
2025-01-01,rsi2,20,random,,5.0,13.18391445811566,6.935496875314792,6.582981967147594,27.73207892447378,-23.362932434473244,94.2875,91.12766618564669,0,18.126148294451937,-18.75538828742258,83.2
2025-01-01,rsi2,20,random,,10.0,9.95479285684628,6.648319962496287,3.6625658268913286,23.89368428157075,-23.657495076391186,94.2875,91.14142290358456,0,18.126148294451937,-18.75538828742258,83.2
2025-01-01,rsi2,20,ranked,,5.0,16.49638201859014,0.0,16.49638201859014,16.49638201859014,-20.853076308833618,94.65999999999998,91.41348206950933,0,18.126148294451937,-18.75538828742258,83.2
2025-01-01,rsi2,20,ranked,,10.0,13.22063186740352,0.0,13.22063186740352,13.22063186740352,-21.155277859415744,94.65999999999998,91.42711631719487,0,18.126148294451937,-18.75538828742258,83.2
2025-01-01,rsi2,20,ranked+floor,3.0,5.0,12.349289363995975,0.0,12.349289363995975,12.349289363995975,-21.053150431876766,86.33999999999997,83.5864874628243,351,18.126148294451937,-18.75538828742258,83.2
2025-01-01,rsi2,20,ranked+floor,3.0,10.0,9.528372530398311,0.0,9.528372530398311,9.528372530398311,-21.32936973164159,86.33999999999997,83.5939249345026,351,18.126148294451937,-18.75538828742258,83.2
2025-01-01,rsi2,20,ranked+floor,5.0,5.0,15.52941455463841,0.0,15.52941455463841,15.52941455463841,-17.956335578637617,73.52,71.16036907298897,1156,18.126148294451937,-18.75538828742258,83.2
2025-01-01,rsi2,20,ranked+floor,5.0,10.0,13.03780998549211,0.0,13.03780998549211,13.03780998549211,-18.206356002882995,73.52,71.16132191206472,1156,18.126148294451937,-18.75538828742258,83.2
2025-01-01,rsi2,20,ranked+floor,7.0,5.0,13.95566534240178,0.0,13.95566534240178,13.95566534240178,-9.3444030200033,38.95999999999996,37.84392886793351,3550,18.126148294451937,-18.75538828742258,83.2
2025-01-01,rsi2,20,ranked+floor,7.0,10.0,12.638511582553736,0.0,12.638511582553736,12.638511582553736,-9.518206271144825,38.95999999999996,37.83673121954999,3550,18.126148294451937,-18.75538828742258,83.2
2025-01-01,rsi2,20,ranked+floor,8.0,5.0,7.900168459691348,0.0,7.900168459691348,7.900168459691348,-4.303490728284021,15.359999999999982,14.818359574279352,3899,18.126148294451937,-18.75538828742258,83.2
2025-01-01,rsi2,20,ranked+floor,8.0,10.0,7.422895763251858,0.0,7.422895763251858,7.422895763251858,-4.342604741561007,15.359999999999982,14.813553186746756,3899,18.126148294451937,-18.75538828742258,83.2
2025-01-01,rsi2,40,random,,5.0,15.159299192414002,1.740889309577297,12.41000032608408,17.320884117961043,-22.07036098821941,88.94999999999999,85.96777164625772,0,18.126148294451937,-18.75538828742258,83.2
2025-01-01,rsi2,40,random,,10.0,12.05777858065451,1.6750440433145588,9.40347695595447,14.129505172839707,-22.328398710360073,88.94999999999999,85.97847570364229,0,18.126148294451937,-18.75538828742258,83.2
2025-01-01,rsi2,40,ranked,,5.0,17.730255035284117,0.0,17.730255035284117,17.730255035284117,-22.290603177163604,89.16999999999999,86.1124980219255,0,18.126148294451937,-18.75538828742258,83.2
2025-01-01,rsi2,40,ranked,,10.0,14.586127443761466,0.0,14.586127443761466,14.586127443761466,-22.555026387849576,89.16999999999999,86.12326925024531,0,18.126148294451937,-18.75538828742258,83.2
2025-01-01,rsi2,40,ranked+floor,3.0,5.0,15.29116174624907,0.0,15.29116174624907,15.29116174624907,-22.161819229700498,77.35999999999999,74.8968067569228,715,18.126148294451937,-18.75538828742258,83.2
2025-01-01,rsi2,40,ranked+floor,3.0,10.0,12.69346513307228,0.0,12.69346513307228,12.69346513307228,-22.38308881451254,77.35999999999999,74.89994891714484,715,18.126148294451937,-18.75538828742258,83.2
2025-01-01,rsi2,40,ranked+floor,5.0,5.0,11.211486866631738,0.0,11.211486866631738,11.211486866631738,-17.878944150526777,59.09000000000001,57.30969615570449,1979,18.126148294451937,-18.75538828742258,83.2
2025-01-01,rsi2,40,ranked+floor,5.0,10.0,9.284008374856834,0.0,9.284008374856834,9.284008374856834,-18.101521751988393,59.09000000000001,57.3060020935072,1979,18.126148294451937,-18.75538828742258,83.2
2025-01-01,rsi2,40,ranked+floor,7.0,5.0,8.884095960362526,0.0,8.884095960362526,8.884095960362526,-5.83815128055627,20.71999999999998,20.116364924220537,3737,18.126148294451937,-18.75538828742258,83.2
2025-01-01,rsi2,40,ranked+floor,7.0,10.0,8.201428998449156,0.0,8.201428998449156,8.201428998449156,-5.945051549001734,20.71999999999998,20.10995559733999,3737,18.126148294451937,-18.75538828742258,83.2
2025-01-01,rsi2,40,ranked+floor,8.0,5.0,3.9325526924248067,0.0,3.9325526924248067,3.9325526924248067,-2.1716256537708145,7.679999999999991,7.415336907860909,3899,18.126148294451937,-18.75538828742258,83.2
2025-01-01,rsi2,40,ranked+floor,8.0,10.0,3.7012973109983527,0.0,3.7012973109983527,3.7012973109983527,-2.191469302870952,7.679999999999991,7.412288949378166,3899,18.126148294451937,-18.75538828742258,83.2
2025-01-01,rsi2_prior_high,20,random,,5.0,10.934320468401227,7.226845500391977,0.41582227354770573,21.104234097469398,-21.62728007369206,87.5875,85.70806589011185,0,18.126148294451937,-18.75538828742258,83.2
2025-01-01,rsi2_prior_high,20,random,,10.0,5.278075025137846,6.80675634911831,-4.587223488396219,14.905736167624406,-22.32687019529141,87.5875,85.71840396879398,0,18.126148294451937,-18.75538828742258,83.2
2025-01-01,rsi2_prior_high,20,ranked,,5.0,15.979366298872355,0.0,15.979366298872355,15.979366298872355,-22.62123713060822,87.77999999999999,85.922884575298,0,18.126148294451937,-18.75538828742258,83.2
2025-01-01,rsi2_prior_high,20,ranked,,10.0,10.311600865724868,0.0,10.311600865724868,10.311600865724868,-23.177415871569696,87.77999999999999,85.93339581862203,0,18.126148294451937,-18.75538828742258,83.2
2025-01-01,rsi2_prior_high,20,ranked+floor,3.0,5.0,7.4925382798209705,0.0,7.4925382798209705,7.4925382798209705,-22.754940392410994,74.8,73.31292826890348,573,18.126148294451937,-18.75538828742258,83.2
2025-01-01,rsi2_prior_high,20,ranked+floor,3.0,10.0,3.1021477929441987,0.0,3.1021477929441987,3.1021477929441987,-23.25355338715085,74.8,73.31772895147229,573,18.126148294451937,-18.75538828742258,83.2
2025-01-01,rsi2_prior_high,20,ranked+floor,5.0,5.0,11.544970691755196,0.0,11.544970691755196,11.544970691755196,-14.33529504166583,57.52000000000002,56.39662948976864,1645,18.126148294451937,-18.75538828742258,83.2
2025-01-01,rsi2_prior_high,20,ranked+floor,5.0,10.0,8.077930963454016,0.0,8.077930963454016,8.077930963454016,-14.78084934223265,57.52000000000002,56.39531112649664,1645,18.126148294451937,-18.75538828742258,83.2
2025-01-01,rsi2_prior_high,20,ranked+floor,7.0,5.0,8.453077141560229,0.0,8.453077141560229,8.453077141560229,-9.931739450759757,24.520000000000003,23.9995002842231,4320,18.126148294451937,-18.75538828742258,83.2
2025-01-01,rsi2_prior_high,20,ranked+floor,7.0,10.0,6.997787849307047,0.0,6.997787849307047,6.997787849307047,-10.160398835805584,24.520000000000003,23.99374997335047,4320,18.126148294451937,-18.75538828742258,83.2
2025-01-01,rsi2_prior_high,20,ranked+floor,8.0,5.0,6.553186925205745,0.0,6.553186925205745,6.553186925205745,-4.834390996632665,8.72000000000002,8.480214003207351,4549,18.126148294451937,-18.75538828742258,83.2
2025-01-01,rsi2_prior_high,20,ranked+floor,8.0,10.0,6.026406536560369,0.0,6.026406536560369,6.026406536560369,-4.920941658675448,8.72000000000002,8.477130103585429,4549,18.126148294451937,-18.75538828742258,83.2
2025-01-01,rsi2_prior_high,40,random,,5.0,15.275744615479539,2.800620762645139,11.144506097926765,19.144116107567278,-19.153772040659867,77.17125,75.45134255301699,0,18.126148294451937,-18.75538828742258,83.2
2025-01-01,rsi2_prior_high,40,random,,10.0,10.147444979573972,2.676582544547517,6.243186951295598,13.848434452257807,-19.742449462633004,77.17125,75.45708448843808,0,18.126148294451937,-18.75538828742258,83.2
2025-01-01,rsi2_prior_high,40,ranked,,5.0,15.291642894417867,0.0,15.291642894417867,15.291642894417867,-19.574692435781536,77.02999999999997,75.37616133942159,0,18.126148294451937,-18.75538828742258,83.2
2025-01-01,rsi2_prior_high,40,ranked,,10.0,10.237374433984826,0.0,10.237374433984826,10.237374433984826,-20.171225237402414,77.02999999999997,75.38199751021702,0,18.126148294451937,-18.75538828742258,83.2
2025-01-01,rsi2_prior_high,40,ranked+floor,3.0,5.0,13.041828247164954,0.0,13.041828247164954,13.041828247164954,-19.024492130615332,60.06999999999998,58.888289468038145,1064,18.126148294451937,-18.75538828742258,83.2
2025-01-01,rsi2_prior_high,40,ranked+floor,3.0,10.0,9.202429579367365,0.0,9.202429579367365,9.202429579367365,-19.457593975007036,60.06999999999998,58.887660471476224,1064,18.126148294451937,-18.75538828742258,83.2
2025-01-01,rsi2_prior_high,40,ranked+floor,5.0,5.0,10.936155590677377,0.0,10.936155590677377,10.936155590677377,-12.096832922113665,41.07,40.25263370548205,2535,18.126148294451937,-18.75538828742258,83.2
2025-01-01,rsi2_prior_high,40,ranked+floor,5.0,10.0,8.382812275882777,0.0,8.382812275882777,8.382812275882777,-12.433457642022693,41.07,40.247706488542484,2535,18.126148294451937,-18.75538828742258,83.2
2025-01-01,rsi2_prior_high,40,ranked+floor,7.0,5.0,5.868405559970014,0.0,5.868405559970014,5.868405559970014,-6.614055087575177,13.019999999999996,12.729238687705552,4372,18.126148294451937,-18.75538828742258,83.2
2025-01-01,rsi2_prior_high,40,ranked+floor,7.0,10.0,5.099717406961846,0.0,5.099717406961846,5.099717406961846,-6.754719422652045,13.019999999999996,12.724788378479545,4372,18.126148294451937,-18.75538828742258,83.2
2025-01-01,rsi2_prior_high,40,ranked+floor,8.0,5.0,3.4162724673615807,0.0,3.4162724673615807,3.4162724673615807,-2.4605031305032,4.3900000000000095,4.265497680625304,4730,18.126148294451937,-18.75538828742258,83.2
2025-01-01,rsi2_prior_high,40,ranked+floor,8.0,10.0,3.1567455158881375,0.0,3.1567455158881375,3.1567455158881375,-2.5058231269025844,4.3900000000000095,4.263666796011648,4730,18.126148294451937,-18.75538828742258,83.2
2026-01-01,rsi2,20,random,,5.0,9.213097943477539,7.822157836001252,-1.955665704261711,20.398155711825304,-12.376583705849836,99.0319293478261,95.74591700872831,0,19.409742247042793,-8.88136346692442,93.47826086956522
2026-01-01,rsi2,20,random,,10.0,6.140116950613456,7.550065166567404,-4.625093443673622,16.99619376185939,-12.805836769721603,99.0319293478261,95.76049867041874,0,19.409742247042793,-8.88136346692442,93.47826086956522
2026-01-01,rsi2,20,ranked,,5.0,25.68913111333555,0.0,25.68913111333555,25.68913111333555,-10.540904122578532,99.10326086956522,96.08648398775976,0,19.409742247042793,-8.88136346692442,93.47826086956522
2026-01-01,rsi2,20,ranked,,10.0,22.158826751279072,0.0,22.158826751279072,22.158826751279072,-10.65848294314672,99.10326086956522,96.09909671797993,0,19.409742247042793,-8.88136346692442,93.47826086956522
2026-01-01,rsi2,20,ranked+floor,3.0,5.0,34.87789286142016,0.0,34.87789286142016,34.87789286142016,-9.754602067547546,95.43478260869567,92.51120198477906,212,19.409742247042793,-8.88136346692442,93.47826086956522
2026-01-01,rsi2,20,ranked+floor,3.0,10.0,31.20031287517875,0.0,31.20031287517875,31.20031287517875,-10.161015288897923,95.43478260869567,92.52128333752128,212,19.409742247042793,-8.88136346692442,93.47826086956522
2026-01-01,rsi2,20,ranked+floor,5.0,5.0,34.208031312554965,0.0,34.208031312554965,34.208031312554965,-8.384281861185116,84.83695652173917,82.35122637522548,929,19.409742247042793,-8.88136346692442,93.47826086956522
2026-01-01,rsi2,20,ranked+floor,5.0,10.0,30.92504366429223,0.0,30.92504366429223,30.92504366429223,-8.761781230421217,84.83695652173917,82.35444488567039,929,19.409742247042793,-8.88136346692442,93.47826086956522
2026-01-01,rsi2,20,ranked+floor,7.0,5.0,10.580402614754746,0.0,10.580402614754746,10.580402614754746,-6.952715732770276,36.6032608695652,35.41490941775418,2942,19.409742247042793,-8.88136346692442,93.47826086956522
2026-01-01,rsi2,20,ranked+floor,7.0,10.0,9.51481612335192,0.0,9.51481612335192,9.51481612335192,-7.147376148377571,36.6032608695652,35.40712818684164,2942,19.409742247042793,-8.88136346692442,93.47826086956522
2026-01-01,rsi2,20,ranked+floor,8.0,5.0,-0.2941854578016767,0.0,-0.2941854578016767,-0.2941854578016767,-3.2726250828666203,9.483695652173912,9.184294427600383,3050,19.409742247042793,-8.88136346692442,93.47826086956522
2026-01-01,rsi2,20,ranked+floor,8.0,10.0,-0.5368260252939683,0.0,-0.5368260252939683,-0.5368260252939683,-3.3045498250194316,9.483695652173912,9.180417803793503,3050,19.409742247042793,-8.88136346692442,93.47826086956522
2026-01-01,rsi2,40,random,,5.0,17.25306789687367,4.3654781664521565,12.423439614691635,26.690438158511842,-10.881297610276857,96.59137228260867,93.22322430269077,0,19.409742247042793,-8.88136346692442,93.47826086956522
2026-01-01,rsi2,40,random,,10.0,13.964143207923499,4.225151811224632,9.260273595398449,23.09886667260541,-11.290236754364892,96.59137228260867,93.23638104155938,0,19.409742247042793,-8.88136346692442,93.47826086956522
2026-01-01,rsi2,40,ranked,,5.0,21.124241577716596,0.0,21.124241577716596,21.124241577716596,-10.340357286448508,96.69836956521736,93.47819472436166,0,19.409742247042793,-8.88136346692442,93.47826086956522
2026-01-01,rsi2,40,ranked,,10.0,17.81648199498862,0.0,17.81648199498862,17.81648199498862,-10.748821420941034,96.69836956521736,93.4896007746486,0,19.409742247042793,-8.88136346692442,93.47826086956522
2026-01-01,rsi2,40,ranked+floor,3.0,5.0,24.184727892443615,0.0,24.184727892443615,24.184727892443615,-10.977952888806374,88.57336956521739,85.61339977731846,492,19.409742247042793,-8.88136346692442,93.47826086956522
2026-01-01,rsi2,40,ranked+floor,3.0,10.0,21.022273577551843,0.0,21.022273577551843,21.022273577551843,-11.110587982739206,88.57336956521739,85.6190836155583,492,19.409742247042793,-8.88136346692442,93.47826086956522
2026-01-01,rsi2,40,ranked+floor,5.0,5.0,22.867301637456872,0.0,22.867301637456872,22.867301637456872,-8.581008397406853,69.41576086956515,67.21706522521205,1922,19.409742247042793,-8.88136346692442,93.47826086956522
2026-01-01,rsi2,40,ranked+floor,5.0,10.0,20.392871329697048,0.0,20.392871329697048,20.392871329697048,-8.88075610001482,69.41576086956515,67.21525561129313,1922,19.409742247042793,-8.88136346692442,93.47826086956522
2026-01-01,rsi2,40,ranked+floor,7.0,5.0,5.244624815122578,0.0,5.244624815122578,5.244624815122578,-3.5146758928617183,18.3016304347826,17.69149642227888,2942,19.409742247042793,-8.88136346692442,93.47826086956522
2026-01-01,rsi2,40,ranked+floor,7.0,10.0,4.735619992992635,0.0,4.735619992992635,4.735619992992635,-3.614703835290445,18.3016304347826,17.68512507230115,2942,19.409742247042793,-8.88136346692442,93.47826086956522
2026-01-01,rsi2,40,ranked+floor,8.0,5.0,-0.1347620799387772,0.0,-0.1347620799387772,-0.1347620799387772,-1.645369277714459,4.741847826086956,4.587654406344861,3050,19.409742247042793,-8.88136346692442,93.47826086956522
2026-01-01,rsi2,40,ranked+floor,8.0,10.0,-0.256275981384102,0.0,-0.256275981384102,-0.256275981384102,-1.66146797701483,4.741847826086956,4.585540025668304,3050,19.409742247042793,-8.88136346692442,93.47826086956522
2026-01-01,rsi2_prior_high,20,random,,5.0,4.765906478394075,6.314571742101267,-2.9446006622955934,17.99353198334881,-15.060039257807166,96.58967391304346,94.26995564561467,0,19.409742247042793,-8.88136346692442,93.47826086956522
2026-01-01,rsi2_prior_high,20,random,,10.0,-0.6666388603474267,5.9097273464774505,-7.819075779860995,11.772129320173175,-16.19130769640916,96.58967391304346,94.28621288003173,0,19.409742247042793,-8.88136346692442,93.47826086956522
2026-01-01,rsi2_prior_high,20,ranked,,5.0,-1.97311930188655,0.0,-1.97311930188655,-1.97311930188655,-16.647827823709214,96.7663043478261,94.41474440117503,0,19.409742247042793,-8.88136346692442,93.47826086956522
2026-01-01,rsi2_prior_high,20,ranked,,10.0,-6.877126131302691,0.0,-6.877126131302691,-6.877126131302691,-17.480588839760593,96.7663043478261,94.4308642035927,0,19.409742247042793,-8.88136346692442,93.47826086956522
2026-01-01,rsi2_prior_high,20,ranked+floor,3.0,5.0,-7.4742060583186,0.0,-7.4742060583186,-7.4742060583186,-17.651499528241665,86.84782608695653,84.94714656469493,413,19.409742247042793,-8.88136346692442,93.47826086956522
2026-01-01,rsi2_prior_high,20,ranked+floor,3.0,10.0,-11.638973496366168,0.0,-11.638973496366168,-11.638973496366168,-18.392031741190518,86.84782608695653,84.95565763333906,413,19.409742247042793,-8.88136346692442,93.47826086956522
2026-01-01,rsi2_prior_high,20,ranked+floor,5.0,5.0,16.443402741062087,0.0,16.443402741062087,16.443402741062087,-9.217764619872405,71.46739130434784,69.93912665507533,1480,19.409742247042793,-8.88136346692442,93.47826086956522
2026-01-01,rsi2_prior_high,20,ranked+floor,5.0,10.0,11.987714966860219,0.0,11.987714966860219,11.987714966860219,-9.876305291349851,71.46739130434784,69.94038289565346,1480,19.409742247042793,-8.88136346692442,93.47826086956522
2026-01-01,rsi2_prior_high,20,ranked+floor,7.0,5.0,10.276964865429239,0.0,10.276964865429239,10.276964865429239,-5.7717136691945665,23.17934782608697,22.696032488661672,3714,19.409742247042793,-8.88136346692442,93.47826086956522
2026-01-01,rsi2_prior_high,20,ranked+floor,7.0,10.0,8.905818409382249,0.0,8.905818409382249,8.905818409382249,-5.87542368577727,23.17934782608697,22.689255522662567,3714,19.409742247042793,-8.88136346692442,93.47826086956522
2026-01-01,rsi2_prior_high,20,ranked+floor,8.0,5.0,1.710880112772295,0.0,1.710880112772295,1.710880112772295,-2.6193303663642142,5.679347826086958,5.530101080410035,3853,19.409742247042793,-8.88136346692442,93.47826086956522
2026-01-01,rsi2_prior_high,20,ranked+floor,8.0,10.0,1.3851791322967655,0.0,1.3851791322967655,1.3851791322967655,-2.7054031941566636,5.679347826086958,5.527713256611599,3853,19.409742247042793,-8.88136346692442,93.47826086956522
2026-01-01,rsi2_prior_high,40,random,,5.0,9.111216665643587,3.7321496255869486,2.1571786880107746,14.293585841976553,-13.420844350397834,88.76528532608694,86.64409210691669,0,19.409742247042793,-8.88136346692442,93.47826086956522
2026-01-01,rsi2_prior_high,40,random,,10.0,3.9018542958943887,3.5231291120523647,-2.6144628644174883,8.823419466106674,-14.218964998071488,88.76528532608694,86.65510042544183,0,19.409742247042793,-8.88136346692442,93.47826086956522
2026-01-01,rsi2_prior_high,40,ranked,,5.0,2.6819315948261258,0.0,2.6819315948261258,2.6819315948261258,-15.243375793897584,89.29347826086955,87.1782406996855,0,19.409742247042793,-8.88136346692442,93.47826086956522
2026-01-01,rsi2_prior_high,40,ranked,,10.0,-2.110522462847364,0.0,-2.110522462847364,-2.110522462847364,-16.001427044384386,89.29347826086955,87.18909498684583,0,19.409742247042793,-8.88136346692442,93.47826086956522
2026-01-01,rsi2_prior_high,40,ranked+floor,3.0,5.0,18.13741733375447,0.0,18.13741733375447,18.13741733375447,-9.103043895297347,74.7282608695652,72.97595884950728,901,19.409742247042793,-8.88136346692442,93.47826086956522
2026-01-01,rsi2_prior_high,40,ranked+floor,3.0,10.0,13.317334309373452,0.0,13.317334309373452,13.317334309373452,-9.87275347492018,74.7282608695652,72.97914825309762,901,19.409742247042793,-8.88136346692442,93.47826086956522
2026-01-01,rsi2_prior_high,40,ranked+floor,5.0,5.0,20.77194646264433,0.0,20.77194646264433,20.77194646264433,-7.399762350132577,49.538043478260875,48.35500332670419,2878,19.409742247042793,-8.88136346692442,93.47826086956522
2026-01-01,rsi2_prior_high,40,ranked+floor,5.0,10.0,17.395504155139243,0.0,17.395504155139243,17.395504155139243,-7.474817806750611,49.538043478260875,48.34991118866306,2878,19.409742247042793,-8.88136346692442,93.47826086956522
2026-01-01,rsi2_prior_high,40,ranked+floor,7.0,5.0,5.065970849197932,0.0,5.065970849197932,5.065970849197932,-2.9074524829852066,11.589673913043486,11.343103839459488,3714,19.409742247042793,-8.88136346692442,93.47826086956522
2026-01-01,rsi2_prior_high,40,ranked+floor,7.0,10.0,4.4096445079869095,0.0,4.4096445079869095,4.4096445079869095,-2.960648702835289,11.589673913043486,11.338576589497917,3714,19.409742247042793,-8.88136346692442,93.47826086956522
2026-01-01,rsi2_prior_high,40,ranked+floor,8.0,5.0,0.8556079038744224,0.0,0.8556079038744224,0.8556079038744224,-1.3170263495189127,2.839673913043479,2.7634482617129024,3853,19.409742247042793,-8.88136346692442,93.47826086956522
2026-01-01,rsi2_prior_high,40,ranked+floor,8.0,10.0,0.6939811674861796,0.0,0.6939811674861796,0.6939811674861796,-1.3605638473534465,2.839673913043479,2.762161340480803,3853,19.409742247042793,-8.88136346692442,93.47826086956522
